path	kind	sha256	bytes
docs/images/CDTSnippet02.png	image	d46d58c000b511cd0fde4eb331fb09810511709ab0107974bb6148c583a3c2ff	1156
docs/images/badgedlabel.png	image	2478b97001e542ee474bb8df11ba6f721903715e359f9241d58024e59e88a0f8	15474
docs/images/breadcrumb.png	image	510750aac2d71972b6bd9a765cce9b49ff7e76d5a0b600d8bae20e3155dc745c	41847
docs/images/calculator.png	image	764d835de08ed210359bdfee4f5a721114439dee6587b44b6809b8b70c220ebf	12482
docs/images/carousel.png	image	6c7e511feb3e87607540969285883054025b17907965698c0f80b4481966047d	105664
docs/images/cdatetime.png	image	be8ce1c5dc0ba46d3c1bf8ae8759c7118ca99b13e23fab574456ffb764a200fc	19763
docs/images/checkboxgroup.png	image	06b586e961cbafa27d995c463b6920326efc885bceda58498e856fa466bd24af	15036
docs/images/chips.png	image	278d446dae8bb086a078e83cb5addd412efd7ff946c816aa482fe5e900a5d54c	28030
docs/images/collapsiblebuttons.png	image	2fc3d3f529ab419442e70fdb695edc9ad27b75c50dffe74dc07e9e44aed6a38a	12816
docs/images/columnbrowser.png	image	8e369ece5b9ae773cba6ebfb82e7d6107cd8dd9077af0ab22072781dffe5c249	27600
docs/images/compositetable.png	image	920b3325785b9cd0cbc94c04b21125c8b606951c1c9e510d6e2fc928d877edce	25406
docs/images/ctreecombo.png	image	14e6dfef1eddbfb0e8206c1728a2dcf58d533b9ee48b9f41c6ab77b5ceb328bd	8952
docs/images/datechooser.png	image	d30a1fc139476a1bcacc3a51d843f2206e481ccc754ac1098a6911013365f0cb	3311
docs/images/datechoosercombo.png	image	aa001b0e3b594ef51dd79577478929a04cada6ddccf542cc8fb26914782cee97	3749
docs/images/dialog.png	image	e89c4c52b04407d6e02b746a98fd566818b582b9ab2c770ae62623f56e0bd476	21576
docs/images/duallist.jpg	image	b9e4c6851e5888757b4f9efb02f785d4b1a8b044930900ae9cc2fa30216a0a02	36549
docs/images/floatingtext.gif	image	c4562cf1eb9ea6132620750169530d6ad0fe24558c6e4574d7f9991eb7a25d7d	14465
docs/images/fontawesome.png	image	e38d82d03e9baa5474265532f52eacf73933f1e17130dcbd4a008b00e47cda85	21853
docs/images/formattedtext.png	image	42ad5e92bd9ed003af9219df2c444e336e113f513bbf4712d4c0f8cdd596dc2c	3696
docs/images/gallery.png	image	0662d8c1037d17a9fd860cd3fd092dde98b055fb20f78df7cd660ae9b1cc9bbd	45782
docs/images/ganttchart.png	image	2886165de21cfbf7191d173bc1bb37ab3f82e2a869d8064018cc749f99329fd1	4967
docs/images/geomap.png	image	5f1bdf722124d8c00ec4e1845ba50d0d6ad5a111cb543cbdeff98713da29fcbb	29016
docs/images/grid.png	image	dc3065173683bd50299985782f8a6f58fb446fb0772d336a9b4508bf0826f247	29328
docs/images/header.png	image	c167b2b19885e235cabb28943edb365d01c3cff2cd693b51dff1a1a6599f2610	31880
docs/images/heapmanager.png	image	22c2d54e8da2f1a73cefd36695d208e66c38b3fa89b230e926863e6ef0a00025	8294
docs/images/horizontalspinner.png	image	9f2843a93da9c2139d1f1703fad87311ef266dc45033247cd1b2830110e304c7	39211
docs/images/launcher.png	image	961ff8c0d44245678411a87af1ba30c0c3ffc6647d6216360fdd12c33710ae10	33139
docs/images/ledwidget.png	image	2c568f3a43f9078544ac5d86206147bd04e1c03ab21e69a0174e0a9cede6cd34	14020
docs/images/logindialog.png	image	830bbf2b92f5d6113c78839faad216982995739272c258b64465b7ad96c9fdc4	13940
docs/images/multichoice.png	image	8755895aadbe896e91c1bb1e93d4446aeb884671be168045eaa789248e6b9199	48504
docs/images/nattable.png	image	f1a5ded39ecbe18d465e1bda3d15b6951dd9f00097c55eb8ccea9c41fcae007b	37557
docs/images/nebula_logo_main_300.png	image	e36d8de6fd83d3414187b230746d4d1a99a5be7ea239a692387ac7a066fbba98	17828
docs/images/nebulaslider.png	image	e9063afc6989f66f07eec4efd60a8ee57ca1b2ae7f616977053bbc96e7f49d62	5507
docs/images/notifier.png	image	0a889346833aeadf58c68e80cab42052a4ce441ef4b7843fd737a24ced823d56	14221
docs/images/pagination.png	image	4e017d912ae3a6501d65a358d0340997a5ab4e9f7d0e249e4e78984574fd114b	6026
docs/images/panels.png	image	0422430b14f701f10c50c4bf8dd7bbf0572de9acf1a3340d394662453692748b	40940
docs/images/paperclips.jpg	image	676a2e71c18ae0fc048fbaef0d0e04088999e0cf39e3573f7bdd5faab228e595	65882
docs/images/passwordrevealer.png	image	ca94abe4dbe33d13e2a4d4e3cf37b16c8d29dbad853905aaeee4a3db6bccf2f5	2215
docs/images/pgroup.png	image	b76f51648359c4cda18d73675d9f1d1c3fa92f60e65e7d12192134bd49e59b44	6074
docs/images/picture.png	image	9b090c89d21b856b6e4c30de708f5af9d25a95d61589fce7216e7afd46af4e04	14695
docs/images/preferencewindow.png	image	aa56c3be74d0ae2b2dfa24c44bba2434b5e0b98d3871cde24fb6e3ccab2dded7	23246
docs/images/progresscircle.png	image	b95c226cb3d8e677172d06ebbf8631e7e42d00dac9abaf626d307d285a14d535	2781
docs/images/promptsupport.png	image	9af918bd5a42d53ed3608caf3b64c6e2b52158a6a37ba213ffd027ce51dd1a24	87129
docs/images/propertytable.png	image	8efed0d95ec87857f4a6a2780c13d168a98f428d533631a6f70f46972d74e59e	23674
docs/images/pshelf.png	image	bf20ee803ba9ed40edb0a44ed4230d6af32a3d30232aff947a425e30c888261e	15904
docs/images/radiogroup.png	image	50e9997174ef1b0e99ad54fe2d0b1c94251b09cea78e749054a402517d1ef8f6	2765
docs/images/rangeslider.png	image	9609305b1aeb72eab95ead770b100c1e67760b991a8165ad7223b768cc6c28d9	12086
docs/images/richtext.png	image	3b1f41d775908b5c03df5ed091449076d2c31adc38720590834493b608151828	14161
docs/images/roundedcheckbox.png	image	e0a710e873cdb899483e914614c31e2b14b033537dc97851896f7d6fdd02d53e	4920
docs/images/roundedswitch.png	image	aee8f483916250090223def7aa371d867dd79ef12f7910995eebc58f1d9347ba	5510
docs/images/roundedtoolbar.png	image	4e4f020bff14e832731708512c70020d3ba4b19430c53fa840f69c99bfd9d3d6	11405
docs/images/scope.gif	image	7a8c6a02a6c2472a2b6a2c5074924e477fb1041037df5cd82f5682701353715e	571460
docs/images/segmentedbar.png	image	8e5ebac2806bb3b42af59397aae64283091bf0464c24e038518107a612364087	12025
docs/images/splitbutton.png	image	08e905882ee40e7360612ae7259fd68e916fb2f747448ac09499cf455e8baead	4330
docs/images/starrating.png	image	c5f85168e53d37d65fb9ec2817bec6bd775eb8c41012c7a43e5b12cb96469bae	38992
docs/images/stepbar.png	image	7f18e5d0c8f0e0fd5f67749bf8ab9e74482468dd0421b7e97ae33d2252834bb0	9375
docs/images/stw1.gif	image	2caf2e837a672f0b55687c809531d9bb22b4aabb03763ed045b08c80b252a886	522296
docs/images/switchbutton.jpg	image	2378054883755962b0374b88de0601bb4715902ee8a73443e996c08cae5ca510	43954
docs/images/tablecombo.png	image	1b4d0f165be1c846b1d08116e5882164a825d418346a242c3ae380161d5873a6	8852
docs/images/textassist.png	image	1ffb378fdd0ea26619c79fd20cc604675c6150c503b76fe8ef43a3b6204940fb	12110
docs/images/tiles.png	image	26b4cb2c91fa0a4bcf8b28087b88947682f8c169cd75887f232d01963ab07547	94265
docs/images/timeline.png	image	1a8dd96abb8e3e5836ff87707e97003cb49f7c25e1c14615a981477dbbe0505d	14081
docs/images/tipofday.png	image	1468c516f65fd9ab35a41d23fa706009c626e824ad50d84f87ec38c9aec4b036	32610
docs/images/titledseparator.png	image	19e171325e67c1758a0fd6cf538920e6f0217efb2b4154c000cfee7a08c6dab1	15003
docs/images/treemapper.png	image	03b380c883f79ec35dc8e002a746bfe20b2147e036ff36ff6419be618b748dca	33486
docs/images/visualization.png	image	e489ed787084a12ebd2afa1325adc5ef8fe751d91ae667585ce2f7d188a33b2a	227754
docs/images/xviewer.png	image	e350e16223119840cd4fbe442edba00be0dd57fe8a5710dc42fe01154c377d51	104697
examples/org.eclipse.nebula.examples/icons/16px.png	image	c15b11166cdb623fc196c351c896429e32250f66c5e4b22016f3e9e21dc6c0fd	1001
examples/org.eclipse.nebula.examples/icons/background.PNG	image	863f357af72777aca3f2643bc1f0d005963b63c611250d6a75ea0c9dee8d9965	113531
examples/org.eclipse.nebula.examples/icons/background_small.png	image	5a9e6fc125cba5ef40249af189f2f16383768e5391b0d8a160456324db7dab53	47378
examples/org.eclipse.nebula.examples/icons/eclipse.png	image	91be5a2344ec2b1c69fc8ecc4326733d85761bfc2c8dd0c4ee5ff011dff1ae11	3353
examples/org.eclipse.nebula.examples/icons/in_ec_ov_success_16x16.gif	image	5e145a539d0d950f77428c08bf433ecc2ac723f56b316fe00eb815e2929547f2	91
examples/org.eclipse.nebula.examples/icons/in_ec_ov_warning_16x16.gif	image	dee34cab228585b6ecd65f2cf1d0e46efce0e67672892106a1480b9136ce6034	139
examples/org.eclipse.nebula.examples/icons/invalid_build_tool_16x16.gif	image	8a2c930c7cb7af817afe9450e0d17c4e5578a3b0b544683f9ca4a97c373bbcac	339
examples/org.eclipse.nebula.examples/icons/woman3.png	image	135a1516cbb232107b45ab3f227f9c88964cd65ce8f7afad9c1b6289fc6aa3c9	1320
examples/org.eclipse.nebula.snippets/src/org/eclipse/nebula/snippets/grid/viewer/th_vertical.gif	image	934dd3580eee7cc93baf38cb1be1460ec7cdc909d8105393f68b02915ba4982e	352
examples/org.eclipse.nebula.snippets/src/org/eclipse/nebula/snippets/pgroup/font.png	image	6cb1b3cb85a08836e76fac5bed67c56249b52f9f4bc72d2631cbe7e0f2956953	567
examples/org.eclipse.nebula.snippets/src/org/eclipse/nebula/snippets/pgroup/shield.png	image	da9bbace09c56f040b008fcae02715a4f078ff8156439c4ad43517e7ca01aca8	702
examples/org.eclipse.nebula.snippets/src/org/eclipse/nebula/snippets/pgroup/shield_add.png	image	1ffd5bd01afc972191974f7f5302e3a822433b0c531cc0219f1ebd9a2c104821	758
examples/org.eclipse.nebula.snippets/src/org/eclipse/nebula/snippets/pgroup/shield_delete.png	image	c481b6c0fc85803e56e896779ebf118ceb18e9c9226148bcaf98c707e62856aa	768
examples/org.eclipse.nebula.snippets/src/org/eclipse/nebula/snippets/tablecombo/in_ec_ov_success_16x16.gif	image	5e145a539d0d950f77428c08bf433ecc2ac723f56b316fe00eb815e2929547f2	91
examples/org.eclipse.nebula.snippets/src/org/eclipse/nebula/snippets/tablecombo/in_ec_ov_warning_16x16.gif	image	dee34cab228585b6ecd65f2cf1d0e46efce0e67672892106a1480b9136ce6034	139
examples/org.eclipse.nebula.snippets/src/org/eclipse/nebula/snippets/tablecombo/invalid_build_tool_16x16.gif	image	8a2c930c7cb7af817afe9450e0d17c4e5578a3b0b544683f9ca4a97c373bbcac	339
org.eclipse.nebula.presentations.shelf/icons/busy1.gif	image	8b8af743417959ef564dfebf35fe0f7f9bccac7693ed2ae7b1a60cf3c0f18fd7	904
org.eclipse.nebula.presentations.shelf/icons/busy2.gif	image	3cdbc68b2c075734fe273e279d617123354ac090b9eb60312774e272e43f81d5	902
org.eclipse.nebula.presentations.shelf/icons/busy3.gif	image	5fafed4ccc8cbccc38f5c90f1a766d227d33e8d74b731fd4e8c6b6177694f3eb	901
org.eclipse.nebula.presentations.shelf/icons/busy4.gif	image	0987fc34bc999d543d19e81f9e60e01cc573ae9151ea323cfc64df8e3d7c559b	902
org.eclipse.nebula.presentations.shelf/icons/busy5.gif	image	00bafde9da37b6fc5b6af62ccf6237bed9eeb0641d71eefda48b66165b0c5ac1	901
org.eclipse.nebula.presentations.shelf/icons/busy6.gif	image	835c3dd7075d8b1b63166bd893fe11c4fb14dd4792e0f01cbfcbc405821e0933	902
org.eclipse.nebula.presentations.shelf/icons/busy7.gif	image	0e46366196645bb2e3f5d164b9d958fda694149e2826c8ee75d77a0ce2e8b05a	902
org.eclipse.nebula.presentations.shelf/icons/busy8.gif	image	8f7a4995e0ff0a08d65ce6d1d2158e6e23f7d80ce5d218f5d4be17b8d4ad6cb4	902
org.eclipse.nebula.presentations.shelf/icons/close_view.gif	image	45c12c11f51bdd06a16efe6d291110f695abdd1017d5a113d9c2ed5247573ba5	73
org.eclipse.nebula.presentations.shelf/icons/view_menu.gif	image	2a11aaeaa5460cca190c8a25570695dab58f7cc52fa766fd1bb7af88e70912bc	88
widgets/badgedlabel/org.eclipse.nebula.widgets.badgedlabel.snippets/src/org/eclipse/nebula/widgets/badgedlabel/user.png	image	698ca6f625d763e701f3eed3b64cb309c350ee387c3e6ba45016ddcb4cc78782	687
widgets/carousel/org.eclipse.nebula.widgets.carousel.snippets/src/org/eclipse/nebula/widgets/chips/images/first.png	image	0b023d7bca24d8668c9ffa2d05d399465675cd34d186ea3fc045eb6dbcc7d51d	26335
widgets/carousel/org.eclipse.nebula.widgets.carousel.snippets/src/org/eclipse/nebula/widgets/chips/images/second.jpg	image	cbde8c9af7533fce602483fcc8998d543a918f5856d60e93fba7d8c0c3133622	87839
widgets/carousel/org.eclipse.nebula.widgets.carousel.snippets/src/org/eclipse/nebula/widgets/chips/images/third.png	image	3b1f41d775908b5c03df5ed091449076d2c31adc38720590834493b608151828	14161
widgets/cdatetime/org.eclipse.nebula.widgets.cdatetime.example.e4/icons/in_ec_ov_success_16x16.gif	image	5e145a539d0d950f77428c08bf433ecc2ac723f56b316fe00eb815e2929547f2	91
widgets/cdatetime/org.eclipse.nebula.widgets.cdatetime.example.e4/icons/in_ec_ov_warning_16x16.gif	image	dee34cab228585b6ecd65f2cf1d0e46efce0e67672892106a1480b9136ce6034	139
widgets/cdatetime/org.eclipse.nebula.widgets.cdatetime.example.e4/icons/invalid_build_tool_16x16.gif	image	8a2c930c7cb7af817afe9450e0d17c4e5578a3b0b544683f9ca4a97c373bbcac	339
widgets/cdatetime/org.eclipse.nebula.widgets.cdatetime.example.e4/icons/sample.png	image	7954726f87764a6693b119acf3c5bdd27af5a711f3a7c3e726f1046f0f07064a	642
widgets/cdatetime/org.eclipse.nebula.widgets.cdatetime/src/org/eclipse/nebula/widgets/cdatetime/bullet.png	image	07bc72739cf18e5703f5d3979ee6df26054de21d2d3c1debf3b1b5de768f6bf2	488
widgets/cdatetime/org.eclipse.nebula.widgets.cdatetime/src/org/eclipse/nebula/widgets/cdatetime/calendar.png	image	6710f4e7d6c2d93dd78f14a3ca8df9d3e13f01d0f246e719031ad10df9dacfd9	611
widgets/cdatetime/org.eclipse.nebula.widgets.cdatetime/src/org/eclipse/nebula/widgets/cdatetime/clock.png	image	50545537a2b31cb93e5f865ca2aa30105c6084230e9c8dc7a39d5709c2a3a0c1	821
widgets/cdatetime/org.eclipse.nebula.widgets.cdatetime/src/org/eclipse/nebula/widgets/cdatetime/dateclock.png	image	b2fa8af4a1fd519d9d75be4194c8b9f0e71e806d2ba533c586c16ff0a1b28292	310
widgets/chips/org.eclipse.nebula.widgets.chips.snippets/src/org/eclipse/nebula/widgets/chips/dirk.png	image	553d7859fc09a331939a34e486d4e75bb2390dc7a3586fdbff427b2088395455	1082
widgets/chips/org.eclipse.nebula.widgets.chips.snippets/src/org/eclipse/nebula/widgets/chips/donald.png	image	9460840583bfafeb2b353f632214f68fb70e8feebbaaadc75c6a47c9d8945ec2	1192
widgets/chips/org.eclipse.nebula.widgets.chips.snippets/src/org/eclipse/nebula/widgets/chips/icons/bubble1_b.png	image	119c5996318a2738328d3f67251c7d77ef273c9b1ae285b8e0fc6efcda7b529c	399
widgets/chips/org.eclipse.nebula.widgets.chips.snippets/src/org/eclipse/nebula/widgets/chips/icons/bubble1_w.png	image	b98147272c25ef6cd23886783d24ff6e78721d207b6c32a25721403e601862c5	299
widgets/chips/org.eclipse.nebula.widgets.chips.snippets/src/org/eclipse/nebula/widgets/chips/icons/bubble2_b.png	image	61b5942d4b77320d6eb40327cd18cf9e58b21d2187f35177849330c8b6e5da2b	592
widgets/chips/org.eclipse.nebula.widgets.chips.snippets/src/org/eclipse/nebula/widgets/chips/icons/bubble2_w.png	image	956cd69eb1372416a23c167fc0f6365a580824280f4f2fb60dd27b35d74109e4	522
widgets/chips/org.eclipse.nebula.widgets.chips.snippets/src/org/eclipse/nebula/widgets/chips/icons/bubble3_b.png	image	f3ae77d319ed73b4af304c9f3e9597cedde784901c2094e8745292bea5f9e740	730
widgets/chips/org.eclipse.nebula.widgets.chips.snippets/src/org/eclipse/nebula/widgets/chips/icons/bubble3_w.png	image	dabbfe7f26539888864d0aef70321087ce9402ff0161ee436d8838dc232488c1	724
widgets/chips/org.eclipse.nebula.widgets.chips.snippets/src/org/eclipse/nebula/widgets/chips/icons/email_b.png	image	801583c848a9971e358f979caf68f6320663084eee9e25c137faedcb11a03f15	371
widgets/chips/org.eclipse.nebula.widgets.chips.snippets/src/org/eclipse/nebula/widgets/chips/icons/email_w.png	image	1e21317c265fd7a4aff316ea071243211cd68c8b5b8700501f00b2d114b56604	370
widgets/chips/org.eclipse.nebula.widgets.chips.snippets/src/org/eclipse/nebula/widgets/chips/johannes.png	image	cb4e1ee4fe3e89b61b7d9fc694362d9946c7a923435568c1097c4002bfd44a9f	1167
widgets/chips/org.eclipse.nebula.widgets.chips.snippets/src/org/eclipse/nebula/widgets/chips/laurent.png	image	4418c7fa37502b3b1b937dfd439e61afea41751571b88b53c59e78c4d7cad8c4	1259
widgets/chips/org.eclipse.nebula.widgets.chips.snippets/src/org/eclipse/nebula/widgets/chips/wim.png	image	0656b8a57121231a10aac302bff095f3cd1c6be9a2fa3447a744eaf114f421e9	1380
widgets/collapsiblebuttons/org.eclipse.nebula.widgets.collapsiblebuttons/icons/arrows.gif	image	0325d529b46f7c142b87f67ca778e24f18ae030615f01f736bbe6ab89e566f97	183
widgets/collapsiblebuttons/org.eclipse.nebula.widgets.collapsiblebuttons/icons/o2007arrow.gif	image	d1f0432ed8add0709ea1186dc1d785cfa8bbb272cf3fc89d3f611e051d76e197	68
widgets/compositetable/org.eclipse.nebula.widgets.compositetable/src/org/eclipse/nebula/widgets/compositetable/day/internal/clock.png	image	7b153efb06ab876c8b26d43beab9e47fb92bf044bf56341c36193685f7909b08	733
widgets/compositetable/org.eclipse.nebula.widgets.compositetable/src/org/eclipse/nebula/widgets/compositetable/day/internal/clock.svg	image	c720c4c24387688364557526b0030d9e443cdeca4f92fd27ce60f23f99e07497	10798
widgets/ctreecombo/org.eclipse.nebula.widgets.ctreecombo.snippets/src/org/eclipse/nebula/widgets/ctreecombo/snippets/flags/austria.png	image	f078cec4f1ed771d503ba31ee1baa800b4932be4a4a9197703e09c02141b2029	439
widgets/ctreecombo/org.eclipse.nebula.widgets.ctreecombo.snippets/src/org/eclipse/nebula/widgets/ctreecombo/snippets/flags/france.png	image	5e85a6cbb927cbb8f7c00ebad8827ec292d1db4bc2815b9a0bd3d7e4cc2cf22b	484
widgets/ctreecombo/org.eclipse.nebula.widgets.ctreecombo.snippets/src/org/eclipse/nebula/widgets/ctreecombo/snippets/flags/germany.png	image	4b6b94778b6c147407da0a9ce00b61b8aa85f4b35d3ac7a64d89c3d0517f674c	474
widgets/ctreecombo/org.eclipse.nebula.widgets.ctreecombo.snippets/src/org/eclipse/nebula/widgets/ctreecombo/snippets/flags/italy.png	image	29bc1f443a7afa0aa61c070261544118e3df3bb0576241c3b8c267cdd21268ec	411
widgets/ctreecombo/org.eclipse.nebula.widgets.ctreecombo.snippets/src/org/eclipse/nebula/widgets/ctreecombo/snippets/flags/netherlands.png	image	4ba72e523cdd8c4b1ea013effc27f74e8798fe35a239f3249506c6853aa7a3c1	450
widgets/ctreecombo/org.eclipse.nebula.widgets.ctreecombo.snippets/src/org/eclipse/nebula/widgets/ctreecombo/snippets/flags/norway.png	image	f8dc302371c809ebda3e9183c606264601f8dd851d2b1878fd25f0f6abe2988c	512
widgets/ctreecombo/org.eclipse.nebula.widgets.ctreecombo.snippets/src/org/eclipse/nebula/widgets/ctreecombo/snippets/flags/uk.png	image	9f191abbbb450ea23cf6a2bafeae0c1aab5d97c2957e4022e72f064bfe847a21	668
widgets/ctreecombo/org.eclipse.nebula.widgets.ctreecombo.snippets/src/org/eclipse/nebula/widgets/ctreecombo/snippets/flags/usa.png	image	36cce5cae3d2e0045b2b2b6cbffdad7a0aba3e99919cc219bbf0578efdc45585	609
widgets/cwt/org.eclipse.nebula.cwt.snippets/src/org/eclipse/nebula/cwt/snippets/resources/clock.svg	image	f3c06abe1189be74edf6fc44b8a2876f3f14423522899da61e7671e4fdb9635b	2996
widgets/cwt/org.eclipse.nebula.cwt.tests/src/org/eclipse/nebula/cwt/svg/caretLeft.svg	image	7ce78642808dea1bb377feeba913a62b69897b788bef339646c8de82d2496c92	115
widgets/cwt/org.eclipse.nebula.cwt.tests/src/org/eclipse/nebula/cwt/svg/resources/PreserveAspectRatio.png	image	2c2667369566c1f6f000adbe8f662795a3c07d1dbd11ddbf47626da544b5cb6b	9094
widgets/cwt/org.eclipse.nebula.cwt.tests/src/org/eclipse/nebula/cwt/svg/resources/PreserveAspectRatio.svg	image	798c9cc2ed41b24e7d3ed4dbd762bddc3c59032c5da4cdd5902cd75e20dae0f7	4056
widgets/cwt/org.eclipse.nebula.cwt.tests/src/org/eclipse/nebula/cwt/svg/resources/arcs01.png	image	3f59c46b5b46b0b940619dbaddca4c83efc262b83f86d3ec2074d42f230e3a58	5057
widgets/cwt/org.eclipse.nebula.cwt.tests/src/org/eclipse/nebula/cwt/svg/resources/arcs01.svg	image	e83abb7611aff1fbaf3b1ca7ad68d1974f536f926d32d9e9c9090d3435f6aa5a	999
widgets/cwt/org.eclipse.nebula.cwt.tests/src/org/eclipse/nebula/cwt/svg/resources/arcs02.png	image	73677b9a889c2c6659a30ac6d46e13e2a11d971de75493b7c909cdaf40f106e6	15182
widgets/cwt/org.eclipse.nebula.cwt.tests/src/org/eclipse/nebula/cwt/svg/resources/arcs02.svg	image	d1a222046a36b0f68496e4b7fb0a91d358d110edd28feffe6e373f1c026fe693	2379
widgets/cwt/org.eclipse.nebula.cwt.tests/src/org/eclipse/nebula/cwt/svg/resources/circle01.png	image	7e5195748d8f0289356723a46c5fb851f05053c181b5144b2902d89838723329	2335
widgets/cwt/org.eclipse.nebula.cwt.tests/src/org/eclipse/nebula/cwt/svg/resources/circle01.svg	image	b36046c88984c547ba34b1465dcb24428a36648c568aeda39a0a092d3bb18f83	583
widgets/cwt/org.eclipse.nebula.cwt.tests/src/org/eclipse/nebula/cwt/svg/resources/cubic02.png	image	824634479b2b42e95dcdd8dc058db9f15d54f5c3456079d5bbab755d8b06e2ab	15757
widgets/cwt/org.eclipse.nebula.cwt.tests/src/org/eclipse/nebula/cwt/svg/resources/cubic02.svg	image	0a75e6c3ad867e1fa26361d9a860cf7d5cb33a8c60dd9c03e42dcd53f43bbda2	4393
widgets/cwt/org.eclipse.nebula.cwt.tests/src/org/eclipse/nebula/cwt/svg/resources/ellipse01.png	image	bec8484aebb0545026ba5a8abf67ba8a1194a97ed8fc0b7b30a2043494753b64	4298
widgets/cwt/org.eclipse.nebula.cwt.tests/src/org/eclipse/nebula/cwt/svg/resources/ellipse01.svg	image	6cc945b8267a1f32bc34f09d7b0e066a5961cb97b58bce0ce539f8900e7c4701	709
widgets/cwt/org.eclipse.nebula.cwt.tests/src/org/eclipse/nebula/cwt/svg/resources/line01.png	image	837b4c497d0f71a92a90724c1419115d0e7436e258a4a781ae63f6acb6f966aa	1728
widgets/cwt/org.eclipse.nebula.cwt.tests/src/org/eclipse/nebula/cwt/svg/resources/line01.svg	image	f25829b282d5b798dd8c5441a5b34674d0ada6c56f4dcf85ca4aba3ec757cd68	911
widgets/cwt/org.eclipse.nebula.cwt.tests/src/org/eclipse/nebula/cwt/svg/resources/lingrad01.png	image	1f3287343be2f53f9c832120b6b0125baf96066b00c80434be08db2dc6768edb	815
widgets/cwt/org.eclipse.nebula.cwt.tests/src/org/eclipse/nebula/cwt/svg/resources/lingrad01.svg	image	a0b24446e1c5b0bbbd257e11fcc244b49fdfc21b7faa71bf42d1f454741db9b6	879
widgets/cwt/org.eclipse.nebula.cwt.tests/src/org/eclipse/nebula/cwt/svg/resources/lingrad02.png	image	641a7b5374a301f3dca5a734f5f402850797213e8b20a317207608c003f38964	1004
widgets/cwt/org.eclipse.nebula.cwt.tests/src/org/eclipse/nebula/cwt/svg/resources/lingrad02.svg	image	92fee5148ad0070c2f63d569ce1761d1209af87e5f4777e6dc364a13f2805afb	927
widgets/cwt/org.eclipse.nebula.cwt.tests/src/org/eclipse/nebula/cwt/svg/resources/polygon01.png	image	65616153bf8a8d48fc37d8e179168b0e6f038444bccceec57c591aee247c1062	3572
widgets/cwt/org.eclipse.nebula.cwt.tests/src/org/eclipse/nebula/cwt/svg/resources/polygon01.svg	image	a1599d4ae61a5766e87a25d089c32613dda69eccc85a6e69faac92a51077609e	821
widgets/cwt/org.eclipse.nebula.cwt.tests/src/org/eclipse/nebula/cwt/svg/resources/polyline01.png	image	4e618185fcf8ad2f1a96cd3d1f9eaa3ed6a1f36fe0a6636372ce67bcc3627220	985
widgets/cwt/org.eclipse.nebula.cwt.tests/src/org/eclipse/nebula/cwt/svg/resources/polyline01.svg	image	7745419e8c27fd7c0daca13e53a9d29661b66eba58431cae5bf9f1322c758d0c	852
widgets/cwt/org.eclipse.nebula.cwt.tests/src/org/eclipse/nebula/cwt/svg/resources/quad01.png	image	feeb5eb3cb530ede3a3cddd4bdd08a325e4d85c7894715a7121d1e054fcf0ffa	5763
widgets/cwt/org.eclipse.nebula.cwt.tests/src/org/eclipse/nebula/cwt/svg/resources/quad01.svg	image	7e2516b873d761574ff146e78da92dd137f4af6d1ef342acbe7392952dd40eae	1134
widgets/cwt/org.eclipse.nebula.cwt.tests/src/org/eclipse/nebula/cwt/svg/resources/radgrad01.png	image	3bf4bdb6bb26add1dfceca81ca2e3f43536794c98cf11812a6128101f330ef8e	5034
widgets/cwt/org.eclipse.nebula.cwt.tests/src/org/eclipse/nebula/cwt/svg/resources/radgrad01.svg	image	fd33e12745f82a47b76c4170c5a3c329b43c5ff7f0e8d1a38bf7ecc6b69a9e6b	1032
widgets/cwt/org.eclipse.nebula.cwt.tests/src/org/eclipse/nebula/cwt/svg/resources/rect01.png	image	425974d378db7f5ca4a1200a07c369a438bb59ddb11543a73aac24dfe37e9de2	760
widgets/cwt/org.eclipse.nebula.cwt.tests/src/org/eclipse/nebula/cwt/svg/resources/rect01.svg	image	f84cae48a9d16a45aa9a317590b79661d41c4c4e60e291258e9e48b1a0675470	581
widgets/cwt/org.eclipse.nebula.cwt.tests/src/org/eclipse/nebula/cwt/svg/resources/rect02.png	image	f31db69b2a9cb16466c534871b2e91c0f12a61f3a373442d4fd8f64c3b2546dc	4526
widgets/cwt/org.eclipse.nebula.cwt.tests/src/org/eclipse/nebula/cwt/svg/resources/rect02.svg	image	1b3044bfa7ba5140f803a7b95b2ba14414fc0010d6795c9801dfba6fd0de9645	715
widgets/cwt/org.eclipse.nebula.cwt.tests/src/org/eclipse/nebula/cwt/svg/resources/triangle01.png	image	bab0ff4dfb6169315b4ea25d175d154ffbb6cf1a14d21fe47d80350796f49778	1046
widgets/cwt/org.eclipse.nebula.cwt.tests/src/org/eclipse/nebula/cwt/svg/resources/triangle01.svg	image	f563cd18debc9b3fe3ab7f9809fce8d8b0006aedef2a2c867a31d7a86f7f8186	542
widgets/datechooser/org.eclipse.nebula.widgets.datechooser/src/org/eclipse/nebula/widgets/datechooser/DateChooserCombo.png	image	6c04f0b5000156af39a6e1e72299b1d33ead41af3e3b888948831462bb078037	145
widgets/effects/org.eclipse.nebula.effects.stw.example/src/org/eclipse/nebula/effects/stw/example/01.jpg	image	e9762458a15a0ad07b213c5116e3f015d9e1bf61a437158f5e2879d0f23ad8fe	47502
widgets/effects/org.eclipse.nebula.effects.stw.example/src/org/eclipse/nebula/effects/stw/example/02.jpg	image	5e8376657ba935958f429f0440f94e212ded7e9944ee20997497e529bf13aaca	57594
widgets/effects/org.eclipse.nebula.effects.stw.example/src/org/eclipse/nebula/effects/stw/example/03.jpg	image	26032e1fc03abbb41d6c98d81c72cd423930394e450decc8cc1559fcea323b0f	74016
widgets/effects/org.eclipse.nebula.effects.stw.example/src/org/eclipse/nebula/effects/stw/example/04.jpg	image	ad36a8c8242eb871d77d6357678c8fdda06255665caaef3fbd77041dbbebfb54	100595
widgets/effects/org.eclipse.nebula.effects.stw.example/src/org/eclipse/nebula/effects/stw/example/05.jpg	image	c8e5455f2d987361c85d5d4d53242e70eab6a03b74f71427dd9051af6dbaeb9c	332195
widgets/effects/org.eclipse.nebula.effects.stw.example/src/org/eclipse/nebula/effects/stw/example/06.jpg	image	624ed51ed77503c1d5658b1dc462be588e9289cfa8dcf2f1b12a5197ab19254c	247807
widgets/fontawesome/org.eclipse.nebula.widgets.fontawesome/src/org/eclipse/nebula/widgets/fontawesome/resources/fontawesome-webfont.svg	image	bfdef833219a6edffd9c3cbc28db72739d22bb4d20cc2e2f8d56a7a4d408a206	313398
widgets/ganttchart/org.eclipse.nebula.widgets.ganttchart/icons/lock_tiny.gif	image	51f35c13560e84d1890f2f0c972a2b7f1ee56c3c11e3db81a9b17618a76c8699	290
widgets/grid/org.eclipse.nebula.widgets.grid.example.e4/icons/in_ec_ov_success_16x16.gif	image	5e145a539d0d950f77428c08bf433ecc2ac723f56b316fe00eb815e2929547f2	91
widgets/grid/org.eclipse.nebula.widgets.grid.example.e4/icons/in_ec_ov_warning_16x16.gif	image	dee34cab228585b6ecd65f2cf1d0e46efce0e67672892106a1480b9136ce6034	139
widgets/grid/org.eclipse.nebula.widgets.grid.example.e4/icons/invalid_build_tool_16x16.gif	image	8a2c930c7cb7af817afe9450e0d17c4e5578a3b0b544683f9ca4a97c373bbcac	339
widgets/grid/org.eclipse.nebula.widgets.grid.example.e4/icons/sample.png	image	7954726f87764a6693b119acf3c5bdd27af5a711f3a7c3e726f1046f0f07064a	642
widgets/grid/org.eclipse.nebula.widgets.grid.test/src/resources/images/blank.gif	image	2f561b02a49376e3679acd5975e3790abdff09ecbadfa1e1858c7ba26e3ffcef	49
widgets/grid/org.eclipse.nebula.widgets.grid.test/src/resources/images/image1.gif	image	411b31fd9d30d0690c16410df310e0c8bc3c48bb5731d9e0e2223f6da4e89ec0	129
widgets/grid/org.eclipse.nebula.widgets.grid.test/src/resources/images/image2.gif	image	c25baf907262f65966ee86184a4fb1e3dbb2bfd90e49165464d65b4293e71524	129
widgets/grid/org.eclipse.nebula.widgets.grid.test/src/resources/images/image3.gif	image	b9b37f4e741707c612dbf6f1e68a0ecf1e4db2dba23a51074ea2fc13796a37b4	144
widgets/grid/org.eclipse.nebula.widgets.grid.test/src/resources/images/test-100x50.png	image	1f2234087bb25b40e0d6fd1f42239ef6085c289f3ad5dd4cc63ba082e2e03cfa	1281
widgets/grid/org.eclipse.nebula.widgets.grid.test/src/resources/images/test-50x100.png	image	a1e6075abb134c0f208c3e4265e82ac5e3c29ff19752622f96e4a747dca44831	1281
widgets/opal/breadcrumb/org.eclipse.nebula.widgets.opal.breadcrumb.snippets/src/org/eclipse/nebula/widgets/opal/breadcrumb/snippets/add.png	image	c06a52df3361df380a02a45159a0858d6f7cd8cbc3f71ff732a65d6c25ea6af6	733
widgets/opal/breadcrumb/org.eclipse.nebula.widgets.opal.breadcrumb.snippets/src/org/eclipse/nebula/widgets/opal/breadcrumb/snippets/bell.png	image	ac52165fab8b948fbd85295fef09cdca0f57b3af50845945cbac277c199f26cd	789
widgets/opal/breadcrumb/org.eclipse.nebula.widgets.opal.breadcrumb.snippets/src/org/eclipse/nebula/widgets/opal/breadcrumb/snippets/feed.png	image	5bb406880f456fd0fe4858a482696abeaede4262fdc29053346c5fdc92d5d216	691
widgets/opal/breadcrumb/org.eclipse.nebula.widgets.opal.breadcrumb.snippets/src/org/eclipse/nebula/widgets/opal/breadcrumb/snippets/house.png	image	c862e0744036f4638b09366ff125edaf47944529867c8f36866e8fc0771729cd	806
widgets/opal/breadcrumb/org.eclipse.nebula.widgets.opal.breadcrumb.snippets/src/org/eclipse/nebula/widgets/opal/breadcrumb/snippets/script.png	image	e8505eb0d391c398f6eac0cf68db8d2e5e013fc42ce2ddc05960e5a2c3bbb186	748
widgets/opal/commons/org.eclipse.nebula.widgets.opal.commons/src/org/eclipse/nebula/widgets/opal/commons/images/angleBackground.png	image	5b3cd3b3b42663f4706332ace8549ee0250638b7a98276bb859706d25b742ff5	824
widgets/opal/commons/org.eclipse.nebula.widgets.opal.commons/src/org/eclipse/nebula/widgets/opal/commons/images/angleButtonFocus.png	image	ea7ee47cd17d45c0aa85c4cff8ca269c81d1a64fa7e6bb066a3710691eb0c149	259
widgets/opal/commons/org.eclipse.nebula.widgets.opal.commons/src/org/eclipse/nebula/widgets/opal/commons/images/angleButtonFocusLost.png	image	991872deb38a88d73e35670fac2968f2608d863804f43ca1756735387c32c3ad	244
widgets/opal/commons/org.eclipse.nebula.widgets.opal.commons/src/org/eclipse/nebula/widgets/opal/commons/images/arrowGreenRight.png	image	1f7f83a84a8aa3396f5f9e2f3a70f8fcd144e69813171ff05266d71c9b397355	3526
widgets/opal/commons/org.eclipse.nebula.widgets.opal.commons/src/org/eclipse/nebula/widgets/opal/commons/images/arrow_down.png	image	728f39a193ce343f9ad13e6a480de42e3bdcd697bd2a453d75406d880ebc664e	984
widgets/opal/commons/org.eclipse.nebula.widgets.opal.commons/src/org/eclipse/nebula/widgets/opal/commons/images/arrow_left.png	image	f9e4dd61d923f06a89f43ef54a5d982610d2282fc95c1d28e03823565462efa8	980
widgets/opal/commons/org.eclipse.nebula.widgets.opal.commons/src/org/eclipse/nebula/widgets/opal/commons/images/arrow_right.png	image	ceeb6910153386cdfedceff758b809c39defeaad6e4e37ff00a1488a17be6fc0	967
widgets/opal/commons/org.eclipse.nebula.widgets.opal.commons/src/org/eclipse/nebula/widgets/opal/commons/images/arrow_up.png	image	5c144202d462a261587bca867860320c7d3d909cd5734fa3068ac9b8897454be	970
widgets/opal/commons/org.eclipse.nebula.widgets.opal.commons/src/org/eclipse/nebula/widgets/opal/commons/images/category.png	image	c32ce776e3abc897e3ec340153475dbf779021edc79a3e86f489eacad17ea77b	351
widgets/opal/commons/org.eclipse.nebula.widgets.opal.commons/src/org/eclipse/nebula/widgets/opal/commons/images/close.png	image	c888d75f585b7fa22928e70573a8e5e13025a9422796789cde93aca85d84b56c	351
widgets/opal/commons/org.eclipse.nebula.widgets.opal.commons/src/org/eclipse/nebula/widgets/opal/commons/images/columnArrow.png	image	fbbcc76573b16fca1303ed57b97518c356919eb74f4d250eb2f053bc2a1623f2	295
widgets/opal/commons/org.eclipse.nebula.widgets.opal.commons/src/org/eclipse/nebula/widgets/opal/commons/images/description.png	image	43660c090094d78140023e2f2d243e784ec5e6557542b8234f56743e02dfdbf1	493
widgets/opal/commons/org.eclipse.nebula.widgets.opal.commons/src/org/eclipse/nebula/widgets/opal/commons/images/double_down.png	image	7ed5e7765b02617d39567167414d256f2284bf812ba434010854b0061ba445ac	989
widgets/opal/commons/org.eclipse.nebula.widgets.opal.commons/src/org/eclipse/nebula/widgets/opal/commons/images/double_left.png	image	5561b9bb9e8c1c5829f5e0dcbf9d76462410b2a66b6596c338b7fd136aaf4af5	988
widgets/opal/commons/org.eclipse.nebula.widgets.opal.commons/src/org/eclipse/nebula/widgets/opal/commons/images/double_right.png	image	502121d830830d2795f4a1d12d2b747889041230853edcdc10cf9f854a8d01da	984
widgets/opal/commons/org.eclipse.nebula.widgets.opal.commons/src/org/eclipse/nebula/widgets/opal/commons/images/double_up.png	image	c4e4ed60136317b45b9c3c42b99e8452108a49aa770d68e6b137f2b041587034	977
widgets/opal/commons/org.eclipse.nebula.widgets.opal.commons/src/org/eclipse/nebula/widgets/opal/commons/images/fewerDetails.png	image	9cf28735d5503edecc1be2a588263e703de6ecfc935057c0ac4599e6a90f2b16	933
widgets/opal/commons/org.eclipse.nebula.widgets.opal.commons/src/org/eclipse/nebula/widgets/opal/commons/images/h-slider-drag.png	image	58da32e616f738eb66cc84f3f501ff98a4ce30d9b3db3c5bfdbe8268d21b937e	1057
widgets/opal/commons/org.eclipse.nebula.widgets.opal.commons/src/org/eclipse/nebula/widgets/opal/commons/images/h-slider-hover.png	image	d105d3d3fc5c5c3cdadc34e120d040a25cdb9ef94ebd23546d629b3a8bd1a4e5	1057
widgets/opal/commons/org.eclipse.nebula.widgets.opal.commons/src/org/eclipse/nebula/widgets/opal/commons/images/h-slider-normal.png	image	4d3034fa05cda7443c972352e687f3926dfbbfa6572db39dfed0a2126c439fc7	1055
widgets/opal/commons/org.eclipse.nebula.widgets.opal.commons/src/org/eclipse/nebula/widgets/opal/commons/images/h-slider-selected.png	image	1882ef7e05be23bfa40062774b9ad5d6b668e4982d8de745bf8c7fa64da1e28d	1041
widgets/opal/commons/org.eclipse.nebula.widgets.opal.commons/src/org/eclipse/nebula/widgets/opal/commons/images/information.png	image	696d51cdbd6d34e4c7d56133d7dff49b6b990f15bdbaa2f2afdb5e576c337105	2745
widgets/opal/commons/org.eclipse.nebula.widgets.opal.commons/src/org/eclipse/nebula/widgets/opal/commons/images/light1.png	image	8c03e5b47836c89805be66060af0d1f7c1756d4cd44cff849f5c3ff5b8fe58b1	9545
widgets/opal/commons/org.eclipse.nebula.widgets.opal.commons/src/org/eclipse/nebula/widgets/opal/commons/images/light2.png	image	96be71b6b83db55ae53620be329f45d765e01721b03655a19ca3c155968d7666	6542
widgets/opal/commons/org.eclipse.nebula.widgets.opal.commons/src/org/eclipse/nebula/widgets/opal/commons/images/moreDetails.png	image	fc87e70b7217703ba72d1ba209e1087dc0da4f820875ed9c9f713742d39d14cc	912
widgets/opal/commons/org.eclipse.nebula.widgets.opal.commons/src/org/eclipse/nebula/widgets/opal/commons/images/slider-drag.png	image	589d26b807ccb23fa7616e712435c70dd86cdeb824f1f0ae01364a57143dfda6	1085
widgets/opal/commons/org.eclipse.nebula.widgets.opal.commons/src/org/eclipse/nebula/widgets/opal/commons/images/slider-hover.png	image	2a7b2700e003730fec533d1cf9a6b2c0e92d20caff045e71d78c274d46efd273	1083
widgets/opal/commons/org.eclipse.nebula.widgets.opal.commons/src/org/eclipse/nebula/widgets/opal/commons/images/slider-normal.png	image	ab5ddbfc6e17ec4dd81509d8c54b2988a942cbdfca58eb8f3154f5f8d50ed1e4	1072
widgets/opal/commons/org.eclipse.nebula.widgets.opal.commons/src/org/eclipse/nebula/widgets/opal/commons/images/slider-selected.png	image	999182106419eefe3ac44a46f7609859524c75906b789faacb2bbd49b0aace96	430
widgets/opal/commons/org.eclipse.nebula.widgets.opal.commons/src/org/eclipse/nebula/widgets/opal/commons/images/sort.png	image	f9bf38b24c4d41accdf0f456226d1ecfe61ae3e247cd1665b4f983c51c25d408	532
widgets/opal/commons/org.eclipse.nebula.widgets.opal.commons/src/org/eclipse/nebula/widgets/opal/commons/images/stars/16.png	image	a21aaecc8b212a8326460b1090d604cad0eb102852353598111f358714e06bce	583
widgets/opal/commons/org.eclipse.nebula.widgets.opal.commons/src/org/eclipse/nebula/widgets/opal/commons/images/stars/32.png	image	1ba9b033e28c23a0b4564adc7dd1252ac623a86240803307a3ea10528cdc64ff	1474
widgets/opal/commons/org.eclipse.nebula.widgets.opal.commons/src/org/eclipse/nebula/widgets/opal/commons/images/stars/focus16.png	image	b545fd6e3e38e5ab37ccf20251c5d9746d3ea75781849a25e701b7197ca4249f	2641
widgets/opal/commons/org.eclipse.nebula.widgets.opal.commons/src/org/eclipse/nebula/widgets/opal/commons/images/stars/focus32.png	image	ce54b82f3477bcc8b73e4b760221d858a1b4523c542f12f992d69efb523e357e	4382
widgets/opal/commons/org.eclipse.nebula.widgets.opal.commons/src/org/eclipse/nebula/widgets/opal/commons/images/stars/mark-focus16.png	image	8e6c3eea81fb9a26250aa98b183975e79983a9d858bd89d4097a56c4881b7d3c	2668
widgets/opal/commons/org.eclipse.nebula.widgets.opal.commons/src/org/eclipse/nebula/widgets/opal/commons/images/stars/mark-focus32.png	image	80b2058e62450118b7f98ce50bc79df532789038c4ee410655e5448286e61d6c	4528
widgets/opal/commons/org.eclipse.nebula.widgets.opal.commons/src/org/eclipse/nebula/widgets/opal/commons/images/stars/mark16.png	image	5bc52feeb40c4fb7ff56136742549cb0b9049e8ce882c29529e23c6c901305a3	823
widgets/opal/commons/org.eclipse.nebula.widgets.opal.commons/src/org/eclipse/nebula/widgets/opal/commons/images/stars/mark32.png	image	0dc77ddc7206d1fee33de936e3bb0b3796ff9f389d28edba0a532c1b33d24538	1745
widgets/opal/commons/org.eclipse.nebula.widgets.opal.commons/src/org/eclipse/nebula/widgets/opal/commons/images/trash.png	image	4c82a1486f56cf426c4ab1631bba26c08f9c5a40f79cc1f75b9cffc024ddbe34	688
widgets/opal/dialog/org.eclipse.nebula.widgets.opal.dialog.snippets/src/org/eclipse/nebula/widgets/opal/dialog/snippets/mail.png	image	467ead6c3518d7ea336ca889abb9382604b4fe45c6a96d86d31aeaf5168dc6e5	3460
widgets/opal/dialog/org.eclipse.nebula.widgets.opal.dialog.snippets/src/org/eclipse/nebula/widgets/opal/dialog/snippets/mail_hover.png	image	281401b65db67cad5d7626bfd2fce751715e03efb03376c405528522e344f80b	686
widgets/opal/dialog/org.eclipse.nebula.widgets.opal.dialog.snippets/src/org/eclipse/nebula/widgets/opal/dialog/snippets/warning.png	image	c31daac5bf6fd2a6a0328ce2a9a041addcb498287b9f97324837d9e8ad477030	804
widgets/opal/duallist/org.eclipse.nebula.widgets.opal.duallist.snippets/src/org/eclipse/nebula/widgets/opal/duallist/snippets/arrows/arrow_down.png	image	065b658602315d59650c93fcd0c5de48db44603580f7ba142e684a1019c946f5	229
widgets/opal/duallist/org.eclipse.nebula.widgets.opal.duallist.snippets/src/org/eclipse/nebula/widgets/opal/duallist/snippets/arrows/arrow_left.png	image	c26910119bc018c634d2053e1e084ef2e7c99fe14490bc1c287f90ca03d340a0	213
widgets/opal/duallist/org.eclipse.nebula.widgets.opal.duallist.snippets/src/org/eclipse/nebula/widgets/opal/duallist/snippets/arrows/arrow_right.png	image	6431191e916f44383a74919ce1b1c4466d85116d50a426a9d32a5fb2170ca4b0	190
widgets/opal/duallist/org.eclipse.nebula.widgets.opal.duallist.snippets/src/org/eclipse/nebula/widgets/opal/duallist/snippets/arrows/arrow_up.png	image	78926e0e6f0c537fb23902ab4e67bc66ce20b47e4439713e1e6d41934fd26dc9	196
widgets/opal/duallist/org.eclipse.nebula.widgets.opal.duallist.snippets/src/org/eclipse/nebula/widgets/opal/duallist/snippets/arrows/double_down.png	image	8a0c60c39601eab50bc49082d293811a019abd75f9eb1c1fd71386639130e102	227
widgets/opal/duallist/org.eclipse.nebula.widgets.opal.duallist.snippets/src/org/eclipse/nebula/widgets/opal/duallist/snippets/arrows/double_left.png	image	d332f488d9e70dbec44f033c29450b026806ce19287f748bff9c547f12e01ecf	232
widgets/opal/duallist/org.eclipse.nebula.widgets.opal.duallist.snippets/src/org/eclipse/nebula/widgets/opal/duallist/snippets/arrows/double_right.png	image	47651811d53d98e113978947f76f798874e0c887f2df138ecfe9458d4202b8ec	238
widgets/opal/duallist/org.eclipse.nebula.widgets.opal.duallist.snippets/src/org/eclipse/nebula/widgets/opal/duallist/snippets/arrows/double_up.png	image	933cc648e3acac415b59d5c691bcde5700bf79068c836de76016a74e545866bf	214
widgets/opal/duallist/org.eclipse.nebula.widgets.opal.duallist.snippets/src/org/eclipse/nebula/widgets/opal/duallist/snippets/flags/austria.png	image	f078cec4f1ed771d503ba31ee1baa800b4932be4a4a9197703e09c02141b2029	439
widgets/opal/duallist/org.eclipse.nebula.widgets.opal.duallist.snippets/src/org/eclipse/nebula/widgets/opal/duallist/snippets/flags/belgium.png	image	a700017062662990b60c52ca2857405e4d3a8cdefc221cdc865409eab13d662f	435
widgets/opal/duallist/org.eclipse.nebula.widgets.opal.duallist.snippets/src/org/eclipse/nebula/widgets/opal/duallist/snippets/flags/bulgaria.png	image	3597a5855278daa6d46d52fef0ce0b3809c671c1eb5ed0bda95d5aa8f45b7521	445
widgets/opal/duallist/org.eclipse.nebula.widgets.opal.duallist.snippets/src/org/eclipse/nebula/widgets/opal/duallist/snippets/flags/cyprus.png	image	122739742c882bf6593be7f4bbb74ecba841be450ae435b5f324e3549cc02ab0	461
widgets/opal/duallist/org.eclipse.nebula.widgets.opal.duallist.snippets/src/org/eclipse/nebula/widgets/opal/duallist/snippets/flags/czech.png	image	04d982c90a7754b450a148d54f1920d8e0df834497de8a0bf87b33b66b9a71fb	468
widgets/opal/duallist/org.eclipse.nebula.widgets.opal.duallist.snippets/src/org/eclipse/nebula/widgets/opal/duallist/snippets/flags/denmark.png	image	80bb8bfe83718ba8809ac05bb4a1b0041772dfea2bbfbad587cac6fc552229fc	462
widgets/opal/duallist/org.eclipse.nebula.widgets.opal.duallist.snippets/src/org/eclipse/nebula/widgets/opal/duallist/snippets/flags/estonia.png	image	934d06cee7e90ed2d1107e1755c40106c68c8b05a6e2bd73fcb28f0239e1bae7	403
widgets/opal/duallist/org.eclipse.nebula.widgets.opal.duallist.snippets/src/org/eclipse/nebula/widgets/opal/duallist/snippets/flags/finland.png	image	f84f399edb37831012117a08c5de6a8e1ab7f60a441e3d9ee4c3622e6cfc9164	483
widgets/opal/duallist/org.eclipse.nebula.widgets.opal.duallist.snippets/src/org/eclipse/nebula/widgets/opal/duallist/snippets/flags/france.png	image	5e85a6cbb927cbb8f7c00ebad8827ec292d1db4bc2815b9a0bd3d7e4cc2cf22b	484
widgets/opal/duallist/org.eclipse.nebula.widgets.opal.duallist.snippets/src/org/eclipse/nebula/widgets/opal/duallist/snippets/flags/germany.png	image	4b6b94778b6c147407da0a9ce00b61b8aa85f4b35d3ac7a64d89c3d0517f674c	474
widgets/opal/duallist/org.eclipse.nebula.widgets.opal.duallist.snippets/src/org/eclipse/nebula/widgets/opal/duallist/snippets/flags/greece.png	image	1166d265ea3efdf63be8a49b4daf4fbf0929a69f5dbfd239cb2e0f9419299c86	517
widgets/opal/duallist/org.eclipse.nebula.widgets.opal.duallist.snippets/src/org/eclipse/nebula/widgets/opal/duallist/snippets/flags/hungary.png	image	370075ba1f48861b95ec07edd8d054e0def8d95096679300c3e25a891a8961d8	396
widgets/opal/duallist/org.eclipse.nebula.widgets.opal.duallist.snippets/src/org/eclipse/nebula/widgets/opal/duallist/snippets/flags/ireland.png	image	3f5a68b4a2c3ef2602bffe53bf95d6251ea13dea1cb417b8e626e3874e525103	445
widgets/opal/duallist/org.eclipse.nebula.widgets.opal.duallist.snippets/src/org/eclipse/nebula/widgets/opal/duallist/snippets/flags/italy.png	image	29bc1f443a7afa0aa61c070261544118e3df3bb0576241c3b8c267cdd21268ec	411
widgets/opal/duallist/org.eclipse.nebula.widgets.opal.duallist.snippets/src/org/eclipse/nebula/widgets/opal/duallist/snippets/flags/latvia.png	image	0c83c134f6bf77d1b989c9a7174809b0a625b6ddfab962d7fc9ae3db4b3abff9	454
widgets/opal/duallist/org.eclipse.nebula.widgets.opal.duallist.snippets/src/org/eclipse/nebula/widgets/opal/duallist/snippets/flags/lithuania.png	image	8752073ac53b589a40c94ec8f1985d5b2eb3471ca37cb5ec09db7334db2d2e4e	459
widgets/opal/duallist/org.eclipse.nebula.widgets.opal.duallist.snippets/src/org/eclipse/nebula/widgets/opal/duallist/snippets/flags/luxembourg.png	image	02b26ace4b68c59bc714a08a8fc31943d4f746ada96442a8f5a1d5173f1b417c	454
widgets/opal/duallist/org.eclipse.nebula.widgets.opal.duallist.snippets/src/org/eclipse/nebula/widgets/opal/duallist/snippets/flags/malta.png	image	3bf2497a9d98f5ea1303f1a85b50e26586961ccdb66ac6df6c52035c1e79117d	443
widgets/opal/duallist/org.eclipse.nebula.widgets.opal.duallist.snippets/src/org/eclipse/nebula/widgets/opal/duallist/snippets/flags/netherlands.png	image	4ba72e523cdd8c4b1ea013effc27f74e8798fe35a239f3249506c6853aa7a3c1	450
widgets/opal/duallist/org.eclipse.nebula.widgets.opal.duallist.snippets/src/org/eclipse/nebula/widgets/opal/duallist/snippets/flags/poland.png	image	0f645472b4b65e5cb1061d6798078c93b941b9b5ec536316cc1258f0f48df316	383
widgets/opal/duallist/org.eclipse.nebula.widgets.opal.duallist.snippets/src/org/eclipse/nebula/widgets/opal/duallist/snippets/flags/portugal.png	image	784fe399cb7af189644093384c46dd5a156590199288cc28f1a8be143f74f71a	519
widgets/opal/duallist/org.eclipse.nebula.widgets.opal.duallist.snippets/src/org/eclipse/nebula/widgets/opal/duallist/snippets/flags/romania.png	image	584aa83fe31d82e41e9039f3b12d4224401728cef3d25037772aad422ac969a6	458
widgets/opal/duallist/org.eclipse.nebula.widgets.opal.duallist.snippets/src/org/eclipse/nebula/widgets/opal/duallist/snippets/flags/slovakia.png	image	1da98a9594da8312bab8e168693eccdfe42ea2c5dd5d053ec2e8818d7eaec3e6	491
widgets/opal/duallist/org.eclipse.nebula.widgets.opal.duallist.snippets/src/org/eclipse/nebula/widgets/opal/duallist/snippets/flags/slovenia.png	image	84530eb1ab44034eda55775a055ce91ebe9b222ddfa4bd883f99c7e2cb9e7f03	553
widgets/opal/duallist/org.eclipse.nebula.widgets.opal.duallist.snippets/src/org/eclipse/nebula/widgets/opal/duallist/snippets/flags/spain.png	image	ffdbbd3c071b62c5236883647bae636e1ba6fd8c8ce88c50f420909bd7bcba13	469
widgets/opal/duallist/org.eclipse.nebula.widgets.opal.duallist.snippets/src/org/eclipse/nebula/widgets/opal/duallist/snippets/flags/sweden.png	image	c38052d77b491a2a71c96b59790da07b5ce1038aa53fa37d2e3ab1f0f7aff800	489
widgets/opal/duallist/org.eclipse.nebula.widgets.opal.duallist.snippets/src/org/eclipse/nebula/widgets/opal/duallist/snippets/flags/unitedkingdom.png	image	9f191abbbb450ea23cf6a2bafeae0c1aab5d97c2957e4022e72f064bfe847a21	668
widgets/opal/header/org.eclipse.nebula.widgets.opal.header.snippets/src/org/eclipse/nebula/widgets/opal/header/snippets/configure.png	image	c5da049f8bae3d83348ecd861915ead7d02869de97631ba652467861179b68b4	5445
widgets/opal/launcher/org.eclipse.nebula.widgets.opal.launcher.snippets/src/org/eclipse/nebula/widgets/opal/launcher/snippets/icons/Papyrus.gif	image	8950bf8020083a8078b1ea0e178c30992e6fb8b322bf056bc62044e78c899c4c	4318
widgets/opal/launcher/org.eclipse.nebula.widgets.opal.launcher.snippets/src/org/eclipse/nebula/widgets/opal/launcher/snippets/icons/ease128.png	image	0f2addb6deac9b9a4836fa87a441a2e2904613a39f99f0e6e6d7bec0bda21bbe	6876
widgets/opal/launcher/org.eclipse.nebula.widgets.opal.launcher.snippets/src/org/eclipse/nebula/widgets/opal/launcher/snippets/icons/egit.png	image	219d4bd6a0da6e6d296eb6b4a792a0cc27095146cd81c521c5053f24f8afe2ea	9880
widgets/opal/launcher/org.eclipse.nebula.widgets.opal.launcher.snippets/src/org/eclipse/nebula/widgets/opal/launcher/snippets/icons/emfstoreSmall.png	image	a155b3dc95f313b7a334d2676b6fd38db85f2b4a5a6766fc9c4f6ffbd120274b	12580
widgets/opal/launcher/org.eclipse.nebula.widgets.opal.launcher.snippets/src/org/eclipse/nebula/widgets/opal/launcher/snippets/icons/glassfish.png	image	98a46e10b3e1421dc124b42b47401d11acdb2fbef0a947e897e16f3e736da6c9	2236
widgets/opal/launcher/org.eclipse.nebula.widgets.opal.launcher.snippets/src/org/eclipse/nebula/widgets/opal/launcher/snippets/icons/iot_logo_large_transparent.png	image	4307ce2a4d83feaa930962c94aa454c0944852433af2f66c877a3c3ea1b20d97	19026
widgets/opal/launcher/org.eclipse.nebula.widgets.opal.launcher.snippets/src/org/eclipse/nebula/widgets/opal/launcher/snippets/icons/swtbot128.png	image	201870edacb520e1bb5f71d0933da78094544ac0cd9737f80afc73d98ac425d1	8926
widgets/opal/launcher/org.eclipse.nebula.widgets.opal.launcher.snippets/src/org/eclipse/nebula/widgets/opal/launcher/snippets/icons/x-office-address-book.png	image	959832e660df77bbdb977d720a37a829f1e981e8282f9da6819decf5408addac	8559
widgets/opal/launcher/org.eclipse.nebula.widgets.opal.launcher.snippets/src/org/eclipse/nebula/widgets/opal/launcher/snippets/icons/x-office-calendar.png	image	bb60cb4bd45f79b2ae15d71ab2297d27bf4ad4df4228da1a6b6c134b8bd2fbb7	7374
widgets/opal/launcher/org.eclipse.nebula.widgets.opal.launcher.snippets/src/org/eclipse/nebula/widgets/opal/launcher/snippets/icons/x-office-presentation.png	image	c47160f1bd02509b88494953a0254ec224ee11049c41ff1a7b4166a5c913a2e5	8617
widgets/opal/launcher/org.eclipse.nebula.widgets.opal.launcher.snippets/src/org/eclipse/nebula/widgets/opal/launcher/snippets/icons/x-office-spreadsheet.png	image	8bb8539084d90d9aa3056a2060798674b3aba4842bfce9cad4062307f21571be	8631
widgets/opal/logindialog/org.eclipse.nebula.widgets.opal.logindialog.snippets/src/org/eclipse/nebula/widgets/opal/loginDialog/snippets/image.png	image	99aa626a914cf477cf673af2b7a2401283563b4fe88c650bdebdfeb542428db4	18179
widgets/opal/preferencewindow/org.eclipse.nebula.widgets.opal.preferencewindow.snippets/src/org/eclipse/nebula/widgets/opal/preferencewindow/snippets/images/document.png	image	5df4b262c9cb312d4f1030c33a9bf7ccd16a7f13f992704f3fc6a40e01a34d17	2400
widgets/opal/preferencewindow/org.eclipse.nebula.widgets.opal.preferencewindow.snippets/src/org/eclipse/nebula/widgets/opal/preferencewindow/snippets/images/info.png	image	637bfdaa3e907b1ac8066dd4df2ddd392266556e8c37a66e4882f2d82a6a0e9e	2623
widgets/opal/preferencewindow/org.eclipse.nebula.widgets.opal.preferencewindow.snippets/src/org/eclipse/nebula/widgets/opal/preferencewindow/snippets/images/openterm.png	image	2bd01166930da61c7f1647c917e27d874040354a204713578ab903f8811fc0dc	1630
widgets/opal/preferencewindow/org.eclipse.nebula.widgets.opal.preferencewindow.snippets/src/org/eclipse/nebula/widgets/opal/preferencewindow/snippets/images/printer.png	image	615105dafdca48e8b120cdcf5113d37ec4767e362c4f5a0c5283cd1ff6e176a7	1820
widgets/opal/preferencewindow/org.eclipse.nebula.widgets.opal.preferencewindow.snippets/src/org/eclipse/nebula/widgets/opal/preferencewindow/snippets/images/system.png	image	d2393500e457619539107b4e2f41ce10f882c9a44710ff400374fd4d91dc1758	2200
widgets/opal/roundedtoolbar/org.eclipse.nebula.widgets.opal.roundedtoolbar.snippets/src/org/eclipse/nebula/widgets/opal/roundedtoolbar/snippets/icons/bubble1_b.png	image	119c5996318a2738328d3f67251c7d77ef273c9b1ae285b8e0fc6efcda7b529c	399
widgets/opal/roundedtoolbar/org.eclipse.nebula.widgets.opal.roundedtoolbar.snippets/src/org/eclipse/nebula/widgets/opal/roundedtoolbar/snippets/icons/bubble1_w.png	image	b98147272c25ef6cd23886783d24ff6e78721d207b6c32a25721403e601862c5	299
widgets/opal/roundedtoolbar/org.eclipse.nebula.widgets.opal.roundedtoolbar.snippets/src/org/eclipse/nebula/widgets/opal/roundedtoolbar/snippets/icons/bubble2_b.png	image	61b5942d4b77320d6eb40327cd18cf9e58b21d2187f35177849330c8b6e5da2b	592
widgets/opal/roundedtoolbar/org.eclipse.nebula.widgets.opal.roundedtoolbar.snippets/src/org/eclipse/nebula/widgets/opal/roundedtoolbar/snippets/icons/bubble2_w.png	image	956cd69eb1372416a23c167fc0f6365a580824280f4f2fb60dd27b35d74109e4	522
widgets/opal/roundedtoolbar/org.eclipse.nebula.widgets.opal.roundedtoolbar.snippets/src/org/eclipse/nebula/widgets/opal/roundedtoolbar/snippets/icons/bubble3_b.png	image	f3ae77d319ed73b4af304c9f3e9597cedde784901c2094e8745292bea5f9e740	730
widgets/opal/roundedtoolbar/org.eclipse.nebula.widgets.opal.roundedtoolbar.snippets/src/org/eclipse/nebula/widgets/opal/roundedtoolbar/snippets/icons/bubble3_w.png	image	dabbfe7f26539888864d0aef70321087ce9402ff0161ee436d8838dc232488c1	724
widgets/opal/roundedtoolbar/org.eclipse.nebula.widgets.opal.roundedtoolbar.snippets/src/org/eclipse/nebula/widgets/opal/roundedtoolbar/snippets/icons/email_b.png	image	801583c848a9971e358f979caf68f6320663084eee9e25c137faedcb11a03f15	371
widgets/opal/roundedtoolbar/org.eclipse.nebula.widgets.opal.roundedtoolbar.snippets/src/org/eclipse/nebula/widgets/opal/roundedtoolbar/snippets/icons/email_w.png	image	1e21317c265fd7a4aff316ea071243211cd68c8b5b8700501f00b2d114b56604	370
widgets/oscilloscope/org.eclipse.nebula.widgets.oscilloscope.example.e4/icons/in_ec_ov_success_16x16.gif	image	5e145a539d0d950f77428c08bf433ecc2ac723f56b316fe00eb815e2929547f2	91
widgets/oscilloscope/org.eclipse.nebula.widgets.oscilloscope.example.e4/icons/in_ec_ov_warning_16x16.gif	image	dee34cab228585b6ecd65f2cf1d0e46efce0e67672892106a1480b9136ce6034	139
widgets/oscilloscope/org.eclipse.nebula.widgets.oscilloscope.example.e4/icons/invalid_build_tool_16x16.gif	image	8a2c930c7cb7af817afe9450e0d17c4e5578a3b0b544683f9ca4a97c373bbcac	339
widgets/oscilloscope/org.eclipse.nebula.widgets.oscilloscope.example.e4/icons/sample.png	image	7954726f87764a6693b119acf3c5bdd27af5a711f3a7c3e726f1046f0f07064a	642
widgets/oscilloscope/org.eclipse.nebula.widgets.oscilloscope.example/monitor.jpg	image	bf3e5f9a9903ef39bf098b511dacea3bec90345b62969151b316f1f55b3579bc	398
widgets/oscilloscope/org.eclipse.nebula.widgets.oscilloscope.example/monitorsmall.jpg	image	285e53e7af7c09ad1afe9fca42c4f28cbcc49220ab8c6fef2c71a0527568986a	710
widgets/oscilloscope/org.eclipse.nebula.widgets.oscilloscope.snippets/monitor.jpg	image	bf3e5f9a9903ef39bf098b511dacea3bec90345b62969151b316f1f55b3579bc	398
widgets/oscilloscope/org.eclipse.nebula.widgets.oscilloscope.snippets/monitorsmall.jpg	image	285e53e7af7c09ad1afe9fca42c4f28cbcc49220ab8c6fef2c71a0527568986a	710
widgets/paperclips/org.eclipse.nebula.paperclips.snippets/icons/backward_nav.gif	image	23806cfd3ca93e91761556a501a23794d0d6b83e0a1629241a375a7a2c91e187	327
widgets/paperclips/org.eclipse.nebula.paperclips.snippets/icons/fit_best.gif	image	0f8a551de979d4516a860db1fc98c4e9434b8438ca11687901531c105439dc35	898
widgets/paperclips/org.eclipse.nebula.paperclips.snippets/icons/fit_horizontal.gif	image	e15d12d9e280d38fb85c9453fc92904daf8e9f2d8e33a015ff6518dc2ff88754	911
widgets/paperclips/org.eclipse.nebula.paperclips.snippets/icons/fit_vertical.gif	image	57fb031a11099bc51c45e78ef32b3edd46e8d37ac40eaa12809e628dbb0b639b	885
widgets/paperclips/org.eclipse.nebula.paperclips.snippets/icons/forward_nav.gif	image	205aa8c69c28f445cd01cdb18743362a6959582d5104cc6ff27582c2133046d2	327
widgets/paperclips/org.eclipse.nebula.paperclips.snippets/icons/magnifying_glass.png	image	e0894fa2a01ece7081ef204ea112f04465a5ceae70ee4f76341868112a26582b	439
widgets/paperclips/org.eclipse.nebula.paperclips.snippets/icons/print_edit.gif	image	d0fc3062ea9e97fb2d406ce554b2208df17d47fb16f87200ad466b3ca315ad22	612
widgets/paperclips/org.eclipse.nebula.paperclips.snippets/icons/zoom_in.gif	image	aef00c60c0c9edb2617fd48128a10ade065732d7a859109c591e34996a3905f8	343
widgets/paperclips/org.eclipse.nebula.paperclips.snippets/icons/zoom_in.png	image	d1021006fab69d659a85835a8e2b61adeb751d9ff323d5fcb16b45642c92f808	452
widgets/paperclips/org.eclipse.nebula.paperclips.snippets/icons/zoom_out.gif	image	d9cf21b12fc7e7d20dc388095e441a52613a4af2d99de56ac1fdf4e9d4f3e3db	345
widgets/paperclips/org.eclipse.nebula.paperclips.snippets/icons/zoom_out.png	image	fa22d62292d794bee7529f872cade40abbc35c384d71663f09e0642c9ced6781	448
widgets/paperclips/org.eclipse.nebula.paperclips.snippets/icons/zoom_scale.gif	image	db3fed0df660b5d672f06b2a099e35c0dfc17bc7376ae9c18ab927b20c2fb508	345
widgets/paperclips/org.eclipse.nebula.paperclips.snippets/icons/zoom_scale.png	image	2d4b6deececaab277f44f6c9e41b665f5b0ea79d659f5ec0b9fa46f95d9f1b9a	461
widgets/paperclips/org.eclipse.nebula.paperclips.snippets/src/org/eclipse/nebula/paperclips/snippets/fit_best.png	image	0e3a7d7eec86001348ea5a14b42b88d2efc6d5f8a4acb529f80b4f54e372afcc	234
widgets/paperclips/org.eclipse.nebula.paperclips.snippets/src/org/eclipse/nebula/paperclips/snippets/fit_horizontal.png	image	f94958b9beefb355bc19954865d40cbafe54bd3ba2de677bb1979922c1e283f5	145
widgets/paperclips/org.eclipse.nebula.paperclips.snippets/src/org/eclipse/nebula/paperclips/snippets/fit_vertical.png	image	1ba34bf49dd5a006e063357e4439b13eb8eaeb29e4beb941491d00fe3b658081	147
widgets/paperclips/org.eclipse.nebula.paperclips.snippets/src/org/eclipse/nebula/paperclips/snippets/logo.png	image	36afe8f00c1b73c097075385945664a06f657741c255208def024bc35383b01e	52347
widgets/paperclips/org.eclipse.nebula.paperclips.snippets/src/org/eclipse/nebula/paperclips/snippets/next_page.gif	image	205aa8c69c28f445cd01cdb18743362a6959582d5104cc6ff27582c2133046d2	327
widgets/paperclips/org.eclipse.nebula.paperclips.snippets/src/org/eclipse/nebula/paperclips/snippets/previous_page.gif	image	23806cfd3ca93e91761556a501a23794d0d6b83e0a1629241a375a7a2c91e187	327
widgets/paperclips/org.eclipse.nebula.paperclips.snippets/src/org/eclipse/nebula/paperclips/snippets/print.gif	image	d0fc3062ea9e97fb2d406ce554b2208df17d47fb16f87200ad466b3ca315ad22	612
widgets/paperclips/org.eclipse.nebula.paperclips.snippets/src/org/eclipse/nebula/paperclips/snippets/zoom_in.gif	image	aef00c60c0c9edb2617fd48128a10ade065732d7a859109c591e34996a3905f8	343
widgets/paperclips/org.eclipse.nebula.paperclips.snippets/src/org/eclipse/nebula/paperclips/snippets/zoom_out.gif	image	d9cf21b12fc7e7d20dc388095e441a52613a4af2d99de56ac1fdf4e9d4f3e3db	345
widgets/paperclips/org.eclipse.nebula.paperclips.snippets/src/org/eclipse/nebula/paperclips/snippets/zoom_scale.gif	image	db3fed0df660b5d672f06b2a099e35c0dfc17bc7376ae9c18ab927b20c2fb508	345
widgets/paperclips/org.eclipse.nebula.widgets.paperclips.example/src/org/eclipse/nebula/widgets/paperclips/example/logo.png	image	36afe8f00c1b73c097075385945664a06f657741c255208def024bc35383b01e	52347
widgets/passwordrevealer/org.eclipse.nebula.widgets.passwordrevealer.snippets/src/org/eclipse/nebula/widgets/passwordrevealer/snippets/eye-slash.png	image	ed4070b640546b0697607442917e80059704dd0c458680dbb98a5b57460cbfa1	618
widgets/passwordrevealer/org.eclipse.nebula.widgets.passwordrevealer.snippets/src/org/eclipse/nebula/widgets/passwordrevealer/snippets/eye.png	image	44d3073725ed7e8d19be5c452695f43065eb6d5da2664da0f8bf389c7bdf3cd6	603
widgets/picture/org.eclipse.nebula.widgets.picture.example/EmptyPhoto.jpg	image	4cca2d940b3093ec4ddbe16218c76b4615d9f4072e741009a1593e158d9847cf	1621
widgets/picture/org.eclipse.nebula.widgets.picture.snippets/src/org/eclipse/nebula/widgets/picture/snippets/EmptyPhoto.jpg	image	4cca2d940b3093ec4ddbe16218c76b4615d9f4072e741009a1593e158d9847cf	1621
widgets/richtext/org.eclipse.nebula.widgets.richtext.example.e4/icons/sample.png	image	7954726f87764a6693b119acf3c5bdd27af5a711f3a7c3e726f1046f0f07064a	642
widgets/richtext/org.eclipse.nebula.widgets.richtext.example.e4/icons/save_edit.png	image	1137a06dc9e09cddb555785829b3c679995359bf60d4a507866168e7d928e242	933
widgets/richtext/org.eclipse.nebula.widgets.richtext.example/src/org/eclipse/nebula/widgets/richtext/example/images/checked.gif	image	39603e96e4eb6be4118cb484a5c71d3a236f01a94fdff20340478f2b136f506a	916
widgets/richtext/org.eclipse.nebula.widgets.richtext.example/src/org/eclipse/nebula/widgets/richtext/example/images/debug_exc.gif	image	c774ea69df511f715c56bb92b6f52b65f37e019b8a7410649d555f6b5b5959f6	348
widgets/richtext/org.eclipse.nebula.widgets.richtext.example/src/org/eclipse/nebula/widgets/richtext/example/images/environment_co.gif	image	9bb47b773537192747f1039aad0a7020b4ac63636afa93ac93685963413bc39a	614
widgets/richtext/org.eclipse.nebula.widgets.richtext.example/src/org/eclipse/nebula/widgets/richtext/example/images/unchecked.gif	image	9d4f9a52e1a75d853f6477f0d207a5527b726dd7cf6b68ddad00a43814802982	914
widgets/richtext/org.eclipse.nebula.widgets.richtext/src/org/eclipse/nebula/widgets/richtext/resources/ckeditor/plugins/about/dialogs/hidpi/logo_ckeditor.png	image	00ce1010651df8731268ba4726ecd0c9d0c810d2a56e44fc6495bc4a5ddbc582	12236
widgets/richtext/org.eclipse.nebula.widgets.richtext/src/org/eclipse/nebula/widgets/richtext/resources/ckeditor/plugins/about/dialogs/logo_ckeditor.png	image	4236472d2a5bc37e31b1317f23867b80e7b274893476b54c690d34e9d57b0988	5650
widgets/richtext/org.eclipse.nebula.widgets.richtext/src/org/eclipse/nebula/widgets/richtext/resources/ckeditor/plugins/copyformatting/cursors/cursor-disabled.svg	image	f91a15f1282a7db0d90b01dc4f21fdf82e3620ff6d103802adc9da6c2bb56012	4012
widgets/richtext/org.eclipse.nebula.widgets.richtext/src/org/eclipse/nebula/widgets/richtext/resources/ckeditor/plugins/copyformatting/cursors/cursor.svg	image	46a484c37775f8b2a2998a84e98f3f3013558f31ad77aa1062fdbf89213eba3e	2759
widgets/richtext/org.eclipse.nebula.widgets.richtext/src/org/eclipse/nebula/widgets/richtext/resources/ckeditor/plugins/flash/images/placeholder.png	image	3693431ff1695c9691d5b29bed1c2e30be843edb77bc45ef25effe3eb776a7d9	256
widgets/richtext/org.eclipse.nebula.widgets.richtext/src/org/eclipse/nebula/widgets/richtext/resources/ckeditor/plugins/forms/images/hiddenfield.gif	image	2314846c5b4071dec60aaa00f5a1bb10496adcfc1f084eb84a76ff2280b00aee	178
widgets/richtext/org.eclipse.nebula.widgets.richtext/src/org/eclipse/nebula/widgets/richtext/resources/ckeditor/plugins/icons.png	image	af6217b63920631c6dd9914678b77fdd11a6e04a2dd72fe154015f52d646476e	12421
widgets/richtext/org.eclipse.nebula.widgets.richtext/src/org/eclipse/nebula/widgets/richtext/resources/ckeditor/plugins/icons_hidpi.png	image	be1786d2965715aa5c3d777a477d1f295a634dcf93128b57b46718c5518e82bd	40265
widgets/richtext/org.eclipse.nebula.widgets.richtext/src/org/eclipse/nebula/widgets/richtext/resources/ckeditor/plugins/iframe/images/placeholder.png	image	992092e4bcca197097e9fe917441f710b8ef07b9450705ecd514eb8789384d76	265
widgets/richtext/org.eclipse.nebula.widgets.richtext/src/org/eclipse/nebula/widgets/richtext/resources/ckeditor/plugins/image/images/noimage.png	image	bd8c0e93d7bc89b0c36085672424fe2f698dac0e680a1b278f00a152579f2a93	1610
widgets/richtext/org.eclipse.nebula.widgets.richtext/src/org/eclipse/nebula/widgets/richtext/resources/ckeditor/plugins/link/images/anchor.png	image	cddc8927dfdd672d655b96b551ba1ad1599c5f13d13deb2b09a28b54c853a25c	752
widgets/richtext/org.eclipse.nebula.widgets.richtext/src/org/eclipse/nebula/widgets/richtext/resources/ckeditor/plugins/link/images/hidpi/anchor.png	image	b5b952c9dbf47ff88b4904b99cf673cf6ec94cd65f4c66b55eaea5dbb911f4db	1109
widgets/richtext/org.eclipse.nebula.widgets.richtext/src/org/eclipse/nebula/widgets/richtext/resources/ckeditor/plugins/magicline/images/hidpi/icon-rtl.png	image	4046986f6904328c9d470b44c95f1f50ef82d9e470915ea471e1f4dcc0f06618	176
widgets/richtext/org.eclipse.nebula.widgets.richtext/src/org/eclipse/nebula/widgets/richtext/resources/ckeditor/plugins/magicline/images/hidpi/icon.png	image	92dfb414e7a31e632288097db347e272ecfd001f9825423a16c623dcaeb968b8	199
widgets/richtext/org.eclipse.nebula.widgets.richtext/src/org/eclipse/nebula/widgets/richtext/resources/ckeditor/plugins/magicline/images/icon-rtl.png	image	9510f6245b266712f0ec4159e5fc5a97e1ad5c667e65b7fb97c5d1f20cfd7ba5	138
widgets/richtext/org.eclipse.nebula.widgets.richtext/src/org/eclipse/nebula/widgets/richtext/resources/ckeditor/plugins/magicline/images/icon.png	image	db2f77571f3e9cb69096a5da21af65b0eacf5eaef08492bb831999504a3e115a	133
widgets/richtext/org.eclipse.nebula.widgets.richtext/src/org/eclipse/nebula/widgets/richtext/resources/ckeditor/plugins/pagebreak/images/pagebreak.gif	image	5db8cbdaf997d012baa522bb75816a70c9ca15017fc170d63392b74958198846	99
widgets/richtext/org.eclipse.nebula.widgets.richtext/src/org/eclipse/nebula/widgets/richtext/resources/ckeditor/plugins/showblocks/images/block_address.png	image	d896b164eb70e2a22f0521131188b185bb7e404d6e0a0d0f55d11d585d28caa3	152
widgets/richtext/org.eclipse.nebula.widgets.richtext/src/org/eclipse/nebula/widgets/richtext/resources/ckeditor/plugins/showblocks/images/block_blockquote.png	image	30d5929384e0a68850cd667f70779b8464b6f2b1bececf01526eda3e2b191073	154
widgets/richtext/org.eclipse.nebula.widgets.richtext/src/org/eclipse/nebula/widgets/richtext/resources/ckeditor/plugins/showblocks/images/block_div.png	image	34ea88912f128e162de10370b7eadd91e7a0c07f8728693494c1479e95525f56	127
widgets/richtext/org.eclipse.nebula.widgets.richtext/src/org/eclipse/nebula/widgets/richtext/resources/ckeditor/plugins/showblocks/images/block_h1.png	image	40d4a2cd8e2737607867d95948972475ff478e0efaf510cbf17a52b511ef0fc3	120
widgets/richtext/org.eclipse.nebula.widgets.richtext/src/org/eclipse/nebula/widgets/richtext/resources/ckeditor/plugins/showblocks/images/block_h2.png	image	6e3acd9cd6b16dcfce92ade07cb8a8d1929103f3a9a7dcd83c49cc52ec72cdea	127
widgets/richtext/org.eclipse.nebula.widgets.richtext/src/org/eclipse/nebula/widgets/richtext/resources/ckeditor/plugins/showblocks/images/block_h3.png	image	3d26b01e2687763a9a00205d749fc9991de1a75f3f346a3dec473ce2141b693a	123
widgets/richtext/org.eclipse.nebula.widgets.richtext/src/org/eclipse/nebula/widgets/richtext/resources/ckeditor/plugins/showblocks/images/block_h4.png	image	5c6807bb4bb7024c89b8364b5dd0f20ef1961e924db31fa338b39998b677a3f0	123
widgets/richtext/org.eclipse.nebula.widgets.richtext/src/org/eclipse/nebula/widgets/richtext/resources/ckeditor/plugins/showblocks/images/block_h5.png	image	148c02c6a115c4d568604f72126dfe2e27ee8ca3a6a4a7d7ae72b2523e27db77	126
widgets/richtext/org.eclipse.nebula.widgets.richtext/src/org/eclipse/nebula/widgets/richtext/resources/ckeditor/plugins/showblocks/images/block_h6.png	image	85384f22c9128004409679694aeb38ba858ca77fa0f85ef52a61b8f289191df5	123
widgets/richtext/org.eclipse.nebula.widgets.richtext/src/org/eclipse/nebula/widgets/richtext/resources/ckeditor/plugins/showblocks/images/block_p.png	image	68e9e5a80bed810ad2bd0fc9273756fcdb7e7b940fa52cc19a38911ca50ee4f3	115
widgets/richtext/org.eclipse.nebula.widgets.richtext/src/org/eclipse/nebula/widgets/richtext/resources/ckeditor/plugins/showblocks/images/block_pre.png	image	4168bf89d34fac97391bffbd82339ee79125edf2c6d50c153f3fc30efbf536c8	128
widgets/richtext/org.eclipse.nebula.widgets.richtext/src/org/eclipse/nebula/widgets/richtext/resources/ckeditor/plugins/smiley/images/angel_smile.gif	image	7b227fc3a29cb0a99e105bbf5065c6086d744bfd8a79b1511bf43184aaf3a0b9	1245
widgets/richtext/org.eclipse.nebula.widgets.richtext/src/org/eclipse/nebula/widgets/richtext/resources/ckeditor/plugins/smiley/images/angel_smile.png	image	8e2aaced8635d70dff8eb5a269cb2ff071115b965cfea30f31275f3aea88529a	1172
widgets/richtext/org.eclipse.nebula.widgets.richtext/src/org/eclipse/nebula/widgets/richtext/resources/ckeditor/plugins/smiley/images/angry_smile.gif	image	aeb431608cf1496216f2c94995d7d568481e32e3cc075e45f12a66a303d2e29d	1219
widgets/richtext/org.eclipse.nebula.widgets.richtext/src/org/eclipse/nebula/widgets/richtext/resources/ckeditor/plugins/smiley/images/angry_smile.png	image	b4fc95418415fe8999f252649af9541c8f77234f57abc2cf8ee99abd56cc19e3	1220
widgets/richtext/org.eclipse.nebula.widgets.richtext/src/org/eclipse/nebula/widgets/richtext/resources/ckeditor/plugins/smiley/images/broken_heart.gif	image	4e8286aacd60df65e9995d8f2afaf4666fc0b0c3be935c441700b5e572e75c5a	732
widgets/richtext/org.eclipse.nebula.widgets.richtext/src/org/eclipse/nebula/widgets/richtext/resources/ckeditor/plugins/smiley/images/broken_heart.png	image	7a2005c6a4ee561393b6bb9e37dd0a0080b837f2dc938b10ec7ae305a9681825	1139
widgets/richtext/org.eclipse.nebula.widgets.richtext/src/org/eclipse/nebula/widgets/richtext/resources/ckeditor/plugins/smiley/images/confused_smile.gif	image	09953a3738bd6df32e93261f32aa9b8300a05fdd24445f501f55ac468659ef66	1202
widgets/richtext/org.eclipse.nebula.widgets.richtext/src/org/eclipse/nebula/widgets/richtext/resources/ckeditor/plugins/smiley/images/confused_smile.png	image	2de21fd594b102ab9ed8cd4e5b005c45c4e2ff34bf30e5dacea437a959162d6e	1101
widgets/richtext/org.eclipse.nebula.widgets.richtext/src/org/eclipse/nebula/widgets/richtext/resources/ckeditor/plugins/smiley/images/cry_smile.gif	image	a2d235ad7d007a6f80c920cbd5e85006a2a42c39e178691e29babe96a03e3d63	795
widgets/richtext/org.eclipse.nebula.widgets.richtext/src/org/eclipse/nebula/widgets/richtext/resources/ckeditor/plugins/smiley/images/cry_smile.png	image	7bd254c99e3ff1d1f3e1a832b1564f3e47f9cbdf54f3fca73a91525912ddb38e	1214
widgets/richtext/org.eclipse.nebula.widgets.richtext/src/org/eclipse/nebula/widgets/richtext/resources/ckeditor/plugins/smiley/images/devil_smile.gif	image	2bc850da71b5f9b78a3ed26f03f08869a825e2b40d3e50e2442307361a39dc9f	1239
widgets/richtext/org.eclipse.nebula.widgets.richtext/src/org/eclipse/nebula/widgets/richtext/resources/ckeditor/plugins/smiley/images/devil_smile.png	image	d433e5ef97e9fe9c73b2e36f1a9be76171fa1f4d2464789a1fe440387495dd6c	1220
widgets/richtext/org.eclipse.nebula.widgets.richtext/src/org/eclipse/nebula/widgets/richtext/resources/ckeditor/plugins/smiley/images/embaressed_smile.gif	image	d185a4f35865a517a60dce3cdf73bf92a800d1f7a3a2fabdbded4625b465678d	786
widgets/richtext/org.eclipse.nebula.widgets.richtext/src/org/eclipse/nebula/widgets/richtext/resources/ckeditor/plugins/smiley/images/embarrassed_smile.gif	image	d185a4f35865a517a60dce3cdf73bf92a800d1f7a3a2fabdbded4625b465678d	786
widgets/richtext/org.eclipse.nebula.widgets.richtext/src/org/eclipse/nebula/widgets/richtext/resources/ckeditor/plugins/smiley/images/embarrassed_smile.png	image	ce9a77bf015b4c90b27312f4214684460fde4d2d805d44ddc1871082334d3432	1145
widgets/richtext/org.eclipse.nebula.widgets.richtext/src/org/eclipse/nebula/widgets/richtext/resources/ckeditor/plugins/smiley/images/envelope.gif	image	489cf811c9835fef32e06696e3893093f9cda5520b5eac65855bb00fa13e804b	506
widgets/richtext/org.eclipse.nebula.widgets.richtext/src/org/eclipse/nebula/widgets/richtext/resources/ckeditor/plugins/smiley/images/envelope.png	image	0f1546e9abb9b5bc1cf37b2da74606800cb12b64f001553e7fb5ade49df4d29c	760
widgets/richtext/org.eclipse.nebula.widgets.richtext/src/org/eclipse/nebula/widgets/richtext/resources/ckeditor/plugins/smiley/images/heart.gif	image	fd3b59c7dd52b24ee0614169ff7a06ce1b2a6d49fa7098aecbb9f7c4197107e7	692
widgets/richtext/org.eclipse.nebula.widgets.richtext/src/org/eclipse/nebula/widgets/richtext/resources/ckeditor/plugins/smiley/images/heart.png	image	4cf4c3ab6c1b894d721b59b2acb0686c832bab5bb03192471ac6548a4bddf92b	999
widgets/richtext/org.eclipse.nebula.widgets.richtext/src/org/eclipse/nebula/widgets/richtext/resources/ckeditor/plugins/smiley/images/kiss.gif	image	21c801e1e6371e57bdba6ecb16609a627c75a4ec294f9580a03ff498c3099c66	683
widgets/richtext/org.eclipse.nebula.widgets.richtext/src/org/eclipse/nebula/widgets/richtext/resources/ckeditor/plugins/smiley/images/kiss.png	image	f142944550a855cb698db1d35723e56ce063c8a6a8088a5dfbe99c62b9a00856	1003
widgets/richtext/org.eclipse.nebula.widgets.richtext/src/org/eclipse/nebula/widgets/richtext/resources/ckeditor/plugins/smiley/images/lightbulb.gif	image	98347f12145eb2987104a5e04bb78ce8f2a154a1347e422f66327d0def3fc75d	660
widgets/richtext/org.eclipse.nebula.widgets.richtext/src/org/eclipse/nebula/widgets/richtext/resources/ckeditor/plugins/smiley/images/lightbulb.png	image	ac296632601de086f7aff2c97cbc123dd6a589a2031d1524a28d6222fb005668	919
widgets/richtext/org.eclipse.nebula.widgets.richtext/src/org/eclipse/nebula/widgets/richtext/resources/ckeditor/plugins/smiley/images/omg_smile.gif	image	a4ebdb8d59ff587b38a762fa4c97ab7a5fd585d7b0722bb503884f8961e45917	820
widgets/richtext/org.eclipse.nebula.widgets.richtext/src/org/eclipse/nebula/widgets/richtext/resources/ckeditor/plugins/smiley/images/omg_smile.png	image	628c7bb0d4386f901c2690e5a9ad90ee3e9252ef49a7a708f672b9cbb81aa43b	1122
widgets/richtext/org.eclipse.nebula.widgets.richtext/src/org/eclipse/nebula/widgets/richtext/resources/ckeditor/plugins/smiley/images/regular_smile.gif	image	8d3049e853d5fab5e1de160f471649edb6b0d9ffbf791d390d1c2152838ad2c3	1209
widgets/richtext/org.eclipse.nebula.widgets.richtext/src/org/eclipse/nebula/widgets/richtext/resources/ckeditor/plugins/smiley/images/regular_smile.png	image	7eb86259f47ef5faf89ccbb9648ba0e93d4e9c48588509048f97156634aac3fb	1084
widgets/richtext/org.eclipse.nebula.widgets.richtext/src/org/eclipse/nebula/widgets/richtext/resources/ckeditor/plugins/smiley/images/sad_smile.gif	image	aa4692a6fdec3f45f0eb55243c3371e01bab3fc04d61715b6a9171e70b72e257	782
widgets/richtext/org.eclipse.nebula.widgets.richtext/src/org/eclipse/nebula/widgets/richtext/resources/ckeditor/plugins/smiley/images/sad_smile.png	image	34b38077abd9f18ecaad2fa65b3158d61465462875592c4ba62b9a12bf154caf	1115
widgets/richtext/org.eclipse.nebula.widgets.richtext/src/org/eclipse/nebula/widgets/richtext/resources/ckeditor/plugins/smiley/images/shades_smile.gif	image	8af43d1ee5729b8f6e14f831a63fa64430ad54be488c7a57e0da0f45789bc64d	1231
widgets/richtext/org.eclipse.nebula.widgets.richtext/src/org/eclipse/nebula/widgets/richtext/resources/ckeditor/plugins/smiley/images/shades_smile.png	image	9fd924ea50cb2915ce2863ac5576409b37d9ba9cc7b33832ad3e3b963b2df02c	1204
widgets/richtext/org.eclipse.nebula.widgets.richtext/src/org/eclipse/nebula/widgets/richtext/resources/ckeditor/plugins/smiley/images/teeth_smile.gif	image	b1f571f9a46641a3cfb78e3319faa37dcb685bc69ed45dfbea3e1e1fd3b71b1f	1201
widgets/richtext/org.eclipse.nebula.widgets.richtext/src/org/eclipse/nebula/widgets/richtext/resources/ckeditor/plugins/smiley/images/teeth_smile.png	image	ab4d093812a347b70126ac79e0cfc16cae45c1d32fd4437da99b2ea22311c0d6	1183
widgets/richtext/org.eclipse.nebula.widgets.richtext/src/org/eclipse/nebula/widgets/richtext/resources/ckeditor/plugins/smiley/images/thumbs_down.gif	image	ec8d8c4a49a38597888bee7971c49b25355d1b8ae59a1c6d224608ee7112055d	715
widgets/richtext/org.eclipse.nebula.widgets.richtext/src/org/eclipse/nebula/widgets/richtext/resources/ckeditor/plugins/smiley/images/thumbs_down.png	image	571de749810a2b8c5ee078a30be1c872eefb933c5e2a8c33ded5b304787e7ebe	985
widgets/richtext/org.eclipse.nebula.widgets.richtext/src/org/eclipse/nebula/widgets/richtext/resources/ckeditor/plugins/smiley/images/thumbs_up.gif	image	b6359e23c088a020df03ab8e0cd7a5046a3954736426c3cf8370210afc1496cb	714
widgets/richtext/org.eclipse.nebula.widgets.richtext/src/org/eclipse/nebula/widgets/richtext/resources/ckeditor/plugins/smiley/images/thumbs_up.png	image	26ac57c9f26ec725511c7c97a9e0e005aa46710311033eb3f5f23ba355f80cc7	959
widgets/richtext/org.eclipse.nebula.widgets.richtext/src/org/eclipse/nebula/widgets/richtext/resources/ckeditor/plugins/smiley/images/tongue_smile.gif	image	e638c648ca78900b2c8f82156604dd8b46ed0cdaef4095e09277583e6f730e3e	1210
widgets/richtext/org.eclipse.nebula.widgets.richtext/src/org/eclipse/nebula/widgets/richtext/resources/ckeditor/plugins/smiley/images/tongue_smile.png	image	9c9ad82d7fdf34d3aef1c92ec4001146348bd4405c9b9252e21047c12a30b5d3	1132
widgets/richtext/org.eclipse.nebula.widgets.richtext/src/org/eclipse/nebula/widgets/richtext/resources/ckeditor/plugins/smiley/images/tounge_smile.gif	image	e638c648ca78900b2c8f82156604dd8b46ed0cdaef4095e09277583e6f730e3e	1210
widgets/richtext/org.eclipse.nebula.widgets.richtext/src/org/eclipse/nebula/widgets/richtext/resources/ckeditor/plugins/smiley/images/whatchutalkingabout_smile.gif	image	305e959c2c304a31a052a60ac972df52fdb7819945a10a3a1a1f1a7ee5fecf57	775
widgets/richtext/org.eclipse.nebula.widgets.richtext/src/org/eclipse/nebula/widgets/richtext/resources/ckeditor/plugins/smiley/images/whatchutalkingabout_smile.png	image	e2a8446ea58800515e9e27a49e56518a8b05597df32b2a10d998f6380f293f2b	1039
widgets/richtext/org.eclipse.nebula.widgets.richtext/src/org/eclipse/nebula/widgets/richtext/resources/ckeditor/plugins/smiley/images/wink_smile.gif	image	3ec65841e54db291aa0335c7c2083451f7cb92062744ed8831e08e9660d45ec3	1202
widgets/richtext/org.eclipse.nebula.widgets.richtext/src/org/eclipse/nebula/widgets/richtext/resources/ckeditor/plugins/smiley/images/wink_smile.png	image	95de89ce230bc6cbdb5d7881bf9f646e1a0935ca59e5a1ba43526637e1af3d6a	1114
widgets/richtext/org.eclipse.nebula.widgets.richtext/src/org/eclipse/nebula/widgets/richtext/resources/ckeditor/plugins/templates/templates/images/template1.gif	image	0e5b3ea58bdf1ccf7f8aa1d50c86e03832d0e89056f266b1e938e4872f298a1b	539
widgets/richtext/org.eclipse.nebula.widgets.richtext/src/org/eclipse/nebula/widgets/richtext/resources/ckeditor/plugins/templates/templates/images/template2.gif	image	3f7cea1cac236e2732feb9eb9f7e5e70bb4b05eced144fc90ebbbce9856c1ddf	497
widgets/richtext/org.eclipse.nebula.widgets.richtext/src/org/eclipse/nebula/widgets/richtext/resources/ckeditor/plugins/templates/templates/images/template3.gif	image	91987500818e6fa63f868eea61db15178180a11ef09eebd87a295722590efe05	557
widgets/richtext/org.eclipse.nebula.widgets.richtext/src/org/eclipse/nebula/widgets/richtext/resources/ckeditor/plugins/widget/images/handle.png	image	57b6e080394bd59f3da563e6f8eb847f032731699d07199bfa1dd609e42f2b3f	220
widgets/richtext/org.eclipse.nebula.widgets.richtext/src/org/eclipse/nebula/widgets/richtext/resources/ckeditor/skins/moono-lisa/icons.png	image	af6217b63920631c6dd9914678b77fdd11a6e04a2dd72fe154015f52d646476e	12421
widgets/richtext/org.eclipse.nebula.widgets.richtext/src/org/eclipse/nebula/widgets/richtext/resources/ckeditor/skins/moono-lisa/icons_hidpi.png	image	be1786d2965715aa5c3d777a477d1f295a634dcf93128b57b46718c5518e82bd	40265
widgets/richtext/org.eclipse.nebula.widgets.richtext/src/org/eclipse/nebula/widgets/richtext/resources/ckeditor/skins/moono-lisa/images/arrow.png	image	b2277bbb26fff842ebf687d4e0db0011c97ce2ad5150e20ebd63cd15a2c9550b	191
widgets/richtext/org.eclipse.nebula.widgets.richtext/src/org/eclipse/nebula/widgets/richtext/resources/ckeditor/skins/moono-lisa/images/close.png	image	0d5aab99d91cdf9451203c690d1b681efac0e247873137c2e4b254f5eaed0250	615
widgets/richtext/org.eclipse.nebula.widgets.richtext/src/org/eclipse/nebula/widgets/richtext/resources/ckeditor/skins/moono-lisa/images/hidpi/close.png	image	31ca8328e53f548322e8d6cb9b889e1fe6d918e3f944910b905a3c3a9b97f616	1238
widgets/richtext/org.eclipse.nebula.widgets.richtext/src/org/eclipse/nebula/widgets/richtext/resources/ckeditor/skins/moono-lisa/images/hidpi/lock-open.png	image	0f89da48392084c2b92f1184b20cd15a82b00f76369619827f0c256e4d064a84	1071
widgets/richtext/org.eclipse.nebula.widgets.richtext/src/org/eclipse/nebula/widgets/richtext/resources/ckeditor/skins/moono-lisa/images/hidpi/lock.png	image	590115a32954f2bf27bdad510aa986ab4790616b3838ed840d36707c37d2e549	1062
widgets/richtext/org.eclipse.nebula.widgets.richtext/src/org/eclipse/nebula/widgets/richtext/resources/ckeditor/skins/moono-lisa/images/hidpi/refresh.png	image	0afa815ccda8e98ab0c53b7f84405e7af5926a2f674f294ab7e0636eab8d59bc	1623
widgets/richtext/org.eclipse.nebula.widgets.richtext/src/org/eclipse/nebula/widgets/richtext/resources/ckeditor/skins/moono-lisa/images/lock-open.png	image	76f7cea49f5c9c3a33ebe05a241e5278530887fe7669529a04accf237ef491ae	511
widgets/richtext/org.eclipse.nebula.widgets.richtext/src/org/eclipse/nebula/widgets/richtext/resources/ckeditor/skins/moono-lisa/images/lock.png	image	591538a3e1c27b0666fbea0e16e5fd35c37824711bf843bd42e692886cd34a87	506
widgets/richtext/org.eclipse.nebula.widgets.richtext/src/org/eclipse/nebula/widgets/richtext/resources/ckeditor/skins/moono-lisa/images/refresh.png	image	908ab5420bc35b3dbb1408cba105349ba1f47334ca98be08d0607410353d033a	757
widgets/richtext/org.eclipse.nebula.widgets.richtext/src/org/eclipse/nebula/widgets/richtext/resources/ckeditor/skins/moono-lisa/images/spinner.gif	image	fe605d83531314abeaec1f47b43c86a4a48c86e3f332ad01b5a9ed2558b8b41f	2984
widgets/roundedswitch/org.eclipse.nebula.widgets.roundedswitch.example.e4/icons/in_ec_ov_success_16x16.gif	image	5e145a539d0d950f77428c08bf433ecc2ac723f56b316fe00eb815e2929547f2	91
widgets/roundedswitch/org.eclipse.nebula.widgets.roundedswitch.example.e4/icons/in_ec_ov_warning_16x16.gif	image	dee34cab228585b6ecd65f2cf1d0e46efce0e67672892106a1480b9136ce6034	139
widgets/roundedswitch/org.eclipse.nebula.widgets.roundedswitch.example.e4/icons/invalid_build_tool_16x16.gif	image	8a2c930c7cb7af817afe9450e0d17c4e5578a3b0b544683f9ca4a97c373bbcac	339
widgets/roundedswitch/org.eclipse.nebula.widgets.roundedswitch.example.e4/icons/sample.png	image	7954726f87764a6693b119acf3c5bdd27af5a711f3a7c3e726f1046f0f07064a	642
widgets/tablecombo/org.eclipse.nebula.widgets.tablecombo.example.e4/icons/in_ec_ov_success_16x16.gif	image	5e145a539d0d950f77428c08bf433ecc2ac723f56b316fe00eb815e2929547f2	91
widgets/tablecombo/org.eclipse.nebula.widgets.tablecombo.example.e4/icons/in_ec_ov_warning_16x16.gif	image	dee34cab228585b6ecd65f2cf1d0e46efce0e67672892106a1480b9136ce6034	139
widgets/tablecombo/org.eclipse.nebula.widgets.tablecombo.example.e4/icons/invalid_build_tool_16x16.gif	image	8a2c930c7cb7af817afe9450e0d17c4e5578a3b0b544683f9ca4a97c373bbcac	339
widgets/tablecombo/org.eclipse.nebula.widgets.tablecombo.example.e4/icons/sample.png	image	7954726f87764a6693b119acf3c5bdd27af5a711f3a7c3e726f1046f0f07064a	642
widgets/tablecombo/org.eclipse.nebula.widgets.tablecombo.snippets/src/org/eclipse/nebula/widgets/tablecombo/in_ec_ov_success_16x16.gif	image	5e145a539d0d950f77428c08bf433ecc2ac723f56b316fe00eb815e2929547f2	91
widgets/tablecombo/org.eclipse.nebula.widgets.tablecombo.snippets/src/org/eclipse/nebula/widgets/tablecombo/in_ec_ov_warning_16x16.gif	image	dee34cab228585b6ecd65f2cf1d0e46efce0e67672892106a1480b9136ce6034	139
widgets/tablecombo/org.eclipse.nebula.widgets.tablecombo.snippets/src/org/eclipse/nebula/widgets/tablecombo/invalid_build_tool_16x16.gif	image	8a2c930c7cb7af817afe9450e0d17c4e5578a3b0b544683f9ca4a97c373bbcac	339
widgets/visualization/org.eclipse.nebula.visualization.xygraph.exampleview/icons/AutoScale.png	image	cb22c1827ece09e4bc93e3b871dc5661af8c5b0a6ac16f29780beacbc0f9f368	343
widgets/visualization/org.eclipse.nebula.visualization.xygraph.exampleview/icons/WidgetsExampleView.gif	image	26cf5ac9f0aef6b49ace2c6e693f2bccdc8667583c5d603e2f550efe5d503504	53030
widgets/visualization/org.eclipse.nebula.visualization.xygraph/src/org/eclipse/nebula/visualization/xygraph/util/images/Add_Annotation.png	image	d31850de1ef26e1066a297eb018797ff09b0e8a89618f8f21149f9525a6339ba	365
widgets/visualization/org.eclipse.nebula.visualization.xygraph/src/org/eclipse/nebula/visualization/xygraph/util/images/AutoScale.png	image	cb22c1827ece09e4bc93e3b871dc5661af8c5b0a6ac16f29780beacbc0f9f368	343
widgets/visualization/org.eclipse.nebula.visualization.xygraph/src/org/eclipse/nebula/visualization/xygraph/util/images/Configure.png	image	f3a130914d73bdafcea1f887609529b85a24c6a38067d81452cc380121b8ed39	611
widgets/visualization/org.eclipse.nebula.visualization.xygraph/src/org/eclipse/nebula/visualization/xygraph/util/images/Del_Annotation.png	image	0da12ae6be2d3ae28b38945744404c4cb43a096caf76ff35316b53220f22bce4	361
widgets/visualization/org.eclipse.nebula.visualization.xygraph/src/org/eclipse/nebula/visualization/xygraph/util/images/Grab.png	image	1cbd44b5d172335bf3101e5048c24313b9d1769369700f4a32fec698efc203c1	267
widgets/visualization/org.eclipse.nebula.visualization.xygraph/src/org/eclipse/nebula/visualization/xygraph/util/images/Grabbing.png	image	5938bf2226091b408ad30c7ebcad282984a2e028b5408ef90471eceb23d131cf	144
widgets/visualization/org.eclipse.nebula.visualization.xygraph/src/org/eclipse/nebula/visualization/xygraph/util/images/GrabbingOnAxis.png	image	0d48de5e662befc342559a0ac5dfc41056f9eedf12b14ed94461f20d690fbffb	156
widgets/visualization/org.eclipse.nebula.visualization.xygraph/src/org/eclipse/nebula/visualization/xygraph/util/images/HorizontalZoom.png	image	7873e3cd20c3bede62cdffc13b6319ef689c6c57bb2d92a225021369cf6d60f4	360
widgets/visualization/org.eclipse.nebula.visualization.xygraph/src/org/eclipse/nebula/visualization/xygraph/util/images/HorizontalZoomCursor.png	image	f93f60226edebba5bfb0c59af79ddde7c5813e07d51eb6e5d3436da4d465daec	400
widgets/visualization/org.eclipse.nebula.visualization.xygraph/src/org/eclipse/nebula/visualization/xygraph/util/images/HorizontalZoomCursorOnXAxis.png	image	7c92c1f097c0f454ee6bf178712a3d990ad9b1edfb2cd22c901496eb30d5efeb	316
widgets/visualization/org.eclipse.nebula.visualization.xygraph/src/org/eclipse/nebula/visualization/xygraph/util/images/MouseArrow.png	image	d6573577cac275d127431d3c9d503d3b45f6faddca021a452aab019c2c05b056	145
widgets/visualization/org.eclipse.nebula.visualization.xygraph/src/org/eclipse/nebula/visualization/xygraph/util/images/Panning.png	image	e25ff259185a77859007551dc248d138b035648f8f0b0e3b523315abbf6335b9	178
widgets/visualization/org.eclipse.nebula.visualization.xygraph/src/org/eclipse/nebula/visualization/xygraph/util/images/PanningCursor.png	image	d3130085c30c7639e1a7fd9b13cd7fda05294551ed08115215a57fb04754fe6a	161
widgets/visualization/org.eclipse.nebula.visualization.xygraph/src/org/eclipse/nebula/visualization/xygraph/util/images/PanningCursorOnAxis.png	image	67f7e02a48fadeca9f280d0c2f0df88f2a5a97e0d65c2bb25cdd33285ce68e86	176
widgets/visualization/org.eclipse.nebula.visualization.xygraph/src/org/eclipse/nebula/visualization/xygraph/util/images/Redo.png	image	6b9a3eba7ba7a8d0ad7557282cde73a763d879fa495abc68194f2f4faafe42a8	591
widgets/visualization/org.eclipse.nebula.visualization.xygraph/src/org/eclipse/nebula/visualization/xygraph/util/images/Redo_Gray.png	image	79757faf6048d9990fd26d4774c2c084d58875de75b7dc6a1aeffbbd8dbba9f1	484
widgets/visualization/org.eclipse.nebula.visualization.xygraph/src/org/eclipse/nebula/visualization/xygraph/util/images/RubberbandZoom.png	image	9b43041512aaabd647485ad6e4ae7578d46a3414ea9a92551986e2db73a7fa54	360
widgets/visualization/org.eclipse.nebula.visualization.xygraph/src/org/eclipse/nebula/visualization/xygraph/util/images/RubberbandZoomCursor.png	image	ed828199ae8bf0401227263893162eededdddc5ec7a07c20f998e1b7b16c3847	387
widgets/visualization/org.eclipse.nebula.visualization.xygraph/src/org/eclipse/nebula/visualization/xygraph/util/images/ShowLegend.png	image	727db436eaf014e52d4ddb9784edab40084e73976cca2c7048c12a0c81cd01a9	718
widgets/visualization/org.eclipse.nebula.visualization.xygraph/src/org/eclipse/nebula/visualization/xygraph/util/images/Undo.png	image	95231c7098d5278c7ec629038225f843b37e3f895b7b8b0b5f26a3dd12b76b36	650
widgets/visualization/org.eclipse.nebula.visualization.xygraph/src/org/eclipse/nebula/visualization/xygraph/util/images/Undo_Gray.png	image	d6c600f5597ae71b56d22f042124c8fad5eb3484ee16b4e9e205e88ed71d9abf	518
widgets/visualization/org.eclipse.nebula.visualization.xygraph/src/org/eclipse/nebula/visualization/xygraph/util/images/VerticalZoom.png	image	65ed10ffa785b6bb963b6fbce7b2b0f0f1debde820836aa6ca13fd4240bf2190	332
widgets/visualization/org.eclipse.nebula.visualization.xygraph/src/org/eclipse/nebula/visualization/xygraph/util/images/VerticalZoomCursor.png	image	0755a0b370a81821f377ca99619182656775dd946a0c2f1cb3b9744e28ff6ebf	375
widgets/visualization/org.eclipse.nebula.visualization.xygraph/src/org/eclipse/nebula/visualization/xygraph/util/images/VerticalZoomCursorOnYAxis.png	image	fa25bea9da093c9756a68d7e81a61e3520f83f3fd9e9bce8a72c9b9e03fe5775	297
widgets/visualization/org.eclipse.nebula.visualization.xygraph/src/org/eclipse/nebula/visualization/xygraph/util/images/ZoomIn.png	image	8d5f8947c6838942d17ac83dc2135b1837d2eedde19db65b784122e464e23490	407
widgets/visualization/org.eclipse.nebula.visualization.xygraph/src/org/eclipse/nebula/visualization/xygraph/util/images/ZoomInCursor.png	image	9693edcc016a34e0321325c875a46228d03e0f21619533ba3b5ce6784210db79	409
widgets/visualization/org.eclipse.nebula.visualization.xygraph/src/org/eclipse/nebula/visualization/xygraph/util/images/ZoomInCursorOnXAxis.png	image	34e4c2f2fd56aeb7aee9450fa5fb03b7c47059585c300d171732208da2ee7dd0	415
widgets/visualization/org.eclipse.nebula.visualization.xygraph/src/org/eclipse/nebula/visualization/xygraph/util/images/ZoomInCursorOnYAxis.png	image	1bd30d63154f68cdc634ccb27858cab34d5601cf106e7ea35a494f39c81c5f88	439
widgets/visualization/org.eclipse.nebula.visualization.xygraph/src/org/eclipse/nebula/visualization/xygraph/util/images/ZoomInHoriz.png	image	cc12e62380aafee0e7fa8cb58468fd39f8209247234bc2e19ba27bc46a0e687a	464
widgets/visualization/org.eclipse.nebula.visualization.xygraph/src/org/eclipse/nebula/visualization/xygraph/util/images/ZoomInHorizCursor.png	image	62394628b41657c8e0cd4e79ab81dfdf96bdd5b0614295868c5d1f1dd4f65e29	423
widgets/visualization/org.eclipse.nebula.visualization.xygraph/src/org/eclipse/nebula/visualization/xygraph/util/images/ZoomInVert.png	image	3714de22dc765510640c1d4c24a1b9df35c0e41e5ab316ec5a202a9b640a6bc1	496
widgets/visualization/org.eclipse.nebula.visualization.xygraph/src/org/eclipse/nebula/visualization/xygraph/util/images/ZoomInVertCursor.png	image	83de628083462f04b09f9636b5215a264eefa49a051aee6a0d9f3beef3786212	431
widgets/visualization/org.eclipse.nebula.visualization.xygraph/src/org/eclipse/nebula/visualization/xygraph/util/images/ZoomOut.png	image	dca5815d3ba36fb76d9c2909251c66ecb75b45a33aaa83075b5e9244e2398124	383
widgets/visualization/org.eclipse.nebula.visualization.xygraph/src/org/eclipse/nebula/visualization/xygraph/util/images/ZoomOutCursor.png	image	c309dab758acfe67b65fc5124cae6ba44b9bd871cb027df4b7d4647a6a7a19af	400
widgets/visualization/org.eclipse.nebula.visualization.xygraph/src/org/eclipse/nebula/visualization/xygraph/util/images/ZoomOutCursorOnXAxis.png	image	60f4e63509a97a88e819f96d5c6d7835f579c04ff40107f4c1e1fc378f697c59	242
widgets/visualization/org.eclipse.nebula.visualization.xygraph/src/org/eclipse/nebula/visualization/xygraph/util/images/ZoomOutCursorOnYAxis.png	image	65474fd59ab26fd0974560e1ac971332ae9d32ea2abc9e8af8e29557cacd68bd	425
widgets/visualization/org.eclipse.nebula.visualization.xygraph/src/org/eclipse/nebula/visualization/xygraph/util/images/ZoomOutHoriz.png	image	003021a5e4c8ecc1f5cf22dcaa767d6eb07c6d318c443dded05f26818ae01b12	457
widgets/visualization/org.eclipse.nebula.visualization.xygraph/src/org/eclipse/nebula/visualization/xygraph/util/images/ZoomOutHorizCursor.png	image	90d4eef3e74a0eceb6540fbc3770f85c255e68d1d40adb0562b29267475d8cf8	417
widgets/visualization/org.eclipse.nebula.visualization.xygraph/src/org/eclipse/nebula/visualization/xygraph/util/images/ZoomOutVert.png	image	094764ba787ae5b833ab3ba6dd12f0298be47018fbdcec26d46c91eb7917a884	483
widgets/visualization/org.eclipse.nebula.visualization.xygraph/src/org/eclipse/nebula/visualization/xygraph/util/images/ZoomOutVertCursor.png	image	23c7770f4aae1fc68b64d34e7e32db0148eabf1f763eaf3fd586d1f9f5446536	423
widgets/visualization/org.eclipse.nebula.visualization.xygraph/src/org/eclipse/nebula/visualization/xygraph/util/images/camera.png	image	4522c7d88233ad97f8f484294655822020f57764a037e433b740b38da84fe883	701
widgets/visualization/org.eclipse.nebula.visualization.xygraph/src/org/eclipse/nebula/visualization/xygraph/util/images/rescale.png	image	d5948229763022e9e4fe432cb8368f50dc21c9bdf54b7bc91d21402f557e2058	625
widgets/visualization/org.eclipse.nebula.visualization.xygraph/src/org/eclipse/nebula/visualization/xygraph/util/images/stagger.png	image	9d1fc74c0302861e20d3391bc1d04b5e444d2b6fa5880f4561da9749a00699d1	350
widgets/visualization/org.eclipse.nebula.visualization.xygraph/src/org/eclipse/nebula/visualization/xygraph/util/images/warning.png	image	011f4e33d86b448078a2bd56b7060770b2c079e86aad2b7298ab0db216758f34	666
widgets/xviewer/org.eclipse.nebula.widgets.xviewer.example/src/org/eclipse/nebula/widgets/xviewer/example/images/chkbox_disabled.gif	image	e49b1b14a695d7663106e3acb114bdb8838c850a4f15fbd7ce09742ab079a741	90
widgets/xviewer/org.eclipse.nebula.widgets.xviewer.example/src/org/eclipse/nebula/widgets/xviewer/example/images/chkbox_enabled.gif	image	2503aec88629d5401712f8f8da08cee0a70ced3f6d34eba1a9148e847d10c57c	343
widgets/xviewer/org.eclipse.nebula.widgets.xviewer.example/src/org/eclipse/nebula/widgets/xviewer/example/images/clock.gif	image	bb3a642348c0eea0d891e8a41da09491555e58e1a63fd66810ef20998c7a4e2f	368
widgets/xviewer/org.eclipse.nebula.widgets.xviewer.example/src/org/eclipse/nebula/widgets/xviewer/example/images/columnRefresh.gif	image	0e3ce268ac12a1d70b32c440d72f5224b5f89d26c4e166b2de601e27064fe475	572
widgets/xviewer/org.eclipse.nebula.widgets.xviewer.example/src/org/eclipse/nebula/widgets/xviewer/example/images/completionView.gif	image	efce4e9bb59e55f341861a6895adc006c019846c9c9460199b4850ba0ed212eb	370
widgets/xviewer/org.eclipse.nebula.widgets.xviewer.example/src/org/eclipse/nebula/widgets/xviewer/example/images/descriptionView.gif	image	40fff73d5d9901d7fc44ca5012a782cd9989d736a40954c59fa1238d6893ceff	104
widgets/xviewer/org.eclipse.nebula.widgets.xviewer.example/src/org/eclipse/nebula/widgets/xviewer/example/images/refresh.gif	image	d7b7623bdbda5ee62ed79998057d3e7c1ca71b7c99c4862be08549719049931f	182
widgets/xviewer/org.eclipse.nebula.widgets.xviewer/src/org/eclipse/nebula/widgets/xviewer/util/internal/images/chkbox_disabled.gif	image	e49b1b14a695d7663106e3acb114bdb8838c850a4f15fbd7ce09742ab079a741	90
widgets/xviewer/org.eclipse.nebula.widgets.xviewer/src/org/eclipse/nebula/widgets/xviewer/util/internal/images/chkbox_enabled.gif	image	2503aec88629d5401712f8f8da08cee0a70ced3f6d34eba1a9148e847d10c57c	343
widgets/xviewer/org.eclipse.nebula.widgets.xviewer/src/org/eclipse/nebula/widgets/xviewer/util/internal/images/clear.gif	image	6e39d047030fcd1f200eeff714de0b0e2f15872fa57a8c34187f1ad7f2b35900	595
widgets/xviewer/org.eclipse.nebula.widgets.xviewer/src/org/eclipse/nebula/widgets/xviewer/util/internal/images/clock.gif	image	bb3a642348c0eea0d891e8a41da09491555e58e1a63fd66810ef20998c7a4e2f	368
widgets/xviewer/org.eclipse.nebula.widgets.xviewer/src/org/eclipse/nebula/widgets/xviewer/util/internal/images/completionView.gif	image	efce4e9bb59e55f341861a6895adc006c019846c9c9460199b4850ba0ed212eb	370
widgets/xviewer/org.eclipse.nebula.widgets.xviewer/src/org/eclipse/nebula/widgets/xviewer/util/internal/images/customize.gif	image	395de712b7c0ef2998a72ccf742daac83c3d05f946915a67e6b487d03f406d3d	79
widgets/xviewer/org.eclipse.nebula.widgets.xviewer/src/org/eclipse/nebula/widgets/xviewer/util/internal/images/customizeDefault.gif	image	c862fd8ad363beb1234eae9cdf06c9fa74deb37bfaf59bc2bee00c89849d87d9	92
widgets/xviewer/org.eclipse.nebula.widgets.xviewer/src/org/eclipse/nebula/widgets/xviewer/util/internal/images/customizeShared.gif	image	c9c175f2385d66e343a943728444a2184c9f1b7994e5f089ef7a6aa20a163e7d	92
widgets/xviewer/org.eclipse.nebula.widgets.xviewer/src/org/eclipse/nebula/widgets/xviewer/util/internal/images/customizeSharedDefault.gif	image	eadca2cb14b7e549d2ec86672f61f64b3fb105afe91f50964b13369abb9dd285	97
widgets/xviewer/org.eclipse.nebula.widgets.xviewer/src/org/eclipse/nebula/widgets/xviewer/util/internal/images/descriptionView.gif	image	40fff73d5d9901d7fc44ca5012a782cd9989d736a40954c59fa1238d6893ceff	104
widgets/xviewer/org.eclipse.nebula.widgets.xviewer/src/org/eclipse/nebula/widgets/xviewer/util/internal/images/refresh.gif	image	d7b7623bdbda5ee62ed79998057d3e7c1ca71b7c99c4862be08549719049931f	182
widgets/xviewer/org.eclipse.nebula.widgets.xviewer/src/org/eclipse/nebula/widgets/xviewer/util/internal/images/report.gif	image	27048fd949a868dfeaca19f1b96d2439c6f7db790a22e902453dcac7a4585392	648
