capability	repository	commit_or_version	paths_or_interface	license	classification	fit	proof	uncovered_delta	admission_limit
nebula-typed-stream-segment-naming-20261004	https://github.com/openrewrite/rewrite	v8.90.4@398a6349648ca802aa050bdb6fe45a99395dce47	Nebula m3/recipe-first existing rewrite-java JavaParser/JavaIsoVisitor/J.MethodInvocation/JavaType.Method/TypeUtils and owned line-terminator overlay	Apache-2.0	WRAP	Use Nebula existing8.90.4 attributed immutable Java AST/parser owner; do not mix Synexia8.17.1 jars in this classloader.	NEBULA_INVENTORY.json exact owner source hashes; Nebula existing dependency.sha256.tsv/SHA256SUMS custody; new segment naming/extraction proof required.	Bounded operation-label composition from ordered typed stream segments; prove deterministic legality and collision scope before any extraction.	Candidate metadata only until source/dependency/differential proof; no Patternizer
nebula-attributed-method-identity-20261004	https://github.com/hsoliwal/com.synexia	ec384d29e596402e633b7aec2cf6f46fb6cf31d4	M3CanonicalSemanticIdentity.java; M3SemanticAttribution.java; M3AttributedAtomizer.java	Apache-2.0	ADAPT	Reuse resolved declaring-owner/method/parameter/result identities and exact attributed source slice custody.	INVENTORY.json exact source hashes; preserve unresolved-attribution refusal. Canonical semantic helper is package-private, so direct cross-project import is not assumed.	Minimal Nebula wrapper/adapter for ordered chain identity; no replacement of atomization owner.	No raw spelling equivalence or inferred generic ABI
nebula-segment-content-identity-20261004	https://github.com/hsoliwal/com.synexia	ec384d29e596402e633b7aec2cf6f46fb6cf31d4	M3Hash.java; atomdb/AtomFingerprints.java	Apache-2.0	NO_FIT	Inventoried length-framed semantic identity donor is not used by the finite naming leaf; the human hint is not stable identity.	Actual implementation and tests retain attributed AST references, decline name collisions and hash exact source/body only in proof metadata; no semantic fingerprint or identity suffix admitted.	No identity layer generated; existing exact Java snapshot owner retains source custody.	Inventory only; inferred names cannot authorize equivalence or replacement
nebula-stream-capture-effect-guards-20261004	https://github.com/hsoliwal/com.synexia	ec384d29e596402e633b7aec2cf6f46fb6cf31d4	M3JsparrowLoopSafety.java; M3JsparrowLoopStreamRecipe.java; M3FunctionalJavaProofTest.java	Apache-2.0	ADAPT	Reuse existing capture/mutated-local/checked-exception/control-flow/order/primitive-stream refusals and finite before-after external mock proof pattern.	Inherited strict14 test proof with27 combinations/six orders; new Nebula source cases require their own discriminator runs.	Expose only read-only typed signals/naming until a requested source transform is independently proven.	No automatic loop or stream eager evaluation
nebula-native-stream-optimization-20261004	https://github.com/openrewrite/rewrite-static-analysis	5dc62ae0e5889c62d86f6943cad34941af10e37d	native_stream_surfaces in INVENTORY.json; LambdaBlockToExpression; ReplaceLambdaWithMethodReference	Apache-2.0	NO_FIT	Pinned native stream/lambda simplifiers normalize known Java API cases, but none of these complete pinned surfaces assigns composed typed operation/method names.	Complete archive306 entry verification plus retained selected source/tests; inspect exact refusal conditions before wrapping a specific optimization.	Do not invent graph/pattern engine or claim native normalization equals segment naming.	Inventory only; may be composed after separate fit proof
nebula-domain-name-policies-20261004	https://github.com/hsoliwal/com.synexia	ec384d29e596402e633b7aec2cf6f46fb6cf31d4	M3TutorialReferenceRecipeNaming.java; M3MIndexNamePolicy.java	Apache-2.0	NO_FIT	Stable naming owners are tutorial enum and MIndex vocabulary policies; neither identifies Java stream operation contracts.	Exact source hashes and inspected interfaces in INVENTORY.json.	Retain existing vocabulary owners; generate only the operation-label adapter gap.	No repository-wide public rename
nebula-openclaw-stream-naming-20261004	https://github.com/orgs/openclaw/repositories	inventory-only	existing admitted taskflow/skill lifecycle catalogs	MIT / Apache-2.0 per repository	NO_FIT	Lifecycle and skill packaging surfaces do not supply attributed Java stream naming; existing taskflow can retain receipts.	Reuse prior primary org inventory and admitted donors; no source copied.	No additional orchestration/graph runtime or Patternizer owner.	No new architecture
nebula-rounded-toolbar-exact-segment-lowering-20261004	https://github.com/hsoliwal/nebula	f4ebfe7edcc1f953d4dd76312f3a7bc6fbce645b	NebulaM3ExactJavaSnapshotRecipe.java; NebulaM3VerbatimSourceSeal.java; RoundedToolbar.java; java.util.ArrayList.spliterator/tryAdvance runtime API	EPL-2.0 owner; JDK GPL-2.0-only WITH Classpath-exception-2.0 semantic reference	ADAPT	Reuse existing exact-source sealed snapshot owner; transform only three identical bound ArrayList.stream/filter(bounds.contains(event.x,event.y)&&isEnabled)/findFirst sites into one private helper. Use original ArrayList spliterator and named Consumer to preserve short-circuit and modCount callback checks.	NEBULA_INVENTORY.json pins toolbar/owner/JDK source hashes. Current JDK21 original sources retained as semantic reference only; executed callback mutation/order/exception/snapshot refusals required before promotion.	Descriptive ordered typed-segment name plus exact-source scoped shared helper; no changed public API, no generic lowering engine, no DAG.	Do not copy JDK implementation; call runtime spliterator API. Do not mutate SWT/UI ownership or the distinct fourth Point-based pipeline. Patternizer later.
nebula-l2m-owned-field-reuse-20261004	https://github.com/hsoliwal/com.synexia	c921c716219794e62032c882df929fb2d6679903	M3L2MRecipe.java; M3L2MFacades.java; M3SemanticAttribution.java	Apache-2.0	ADAPT	Reuse existing owned nonescaping Function field-facade inverse when that exact shape fits. Deferred Stream.filter predicate is not a supported immediate field facade.	Existing PR8913 strict47 tests/32 refusal cases; exact source hashes retained; compilation/runtime compatibility against Nebula8.90.4 remains required.	Only a version-compatible wrapper or explicit separate lane; no duplicated broad inverse or additional source parser.	NO_FIT for directly deleting live Stream callbacks or generic capturing-local lambda support.
nebula-pr49-readonly-second-pass-binding-20261004	https://github.com/hsoliwal/nebula	3310de21b63cff8e329d3a785fb7a34d36087b73	m3/catalogue/second-pass-recipe-binding.tsv; NebulaM3SecondPassBinding.java; pinned Synexia M3SecondPassAtomPatternRecipe@9d33ce5229bee70872110b7a03e4ee99bf0e0878	EPL-2.0 Nebula binding; Apache-2.0 upstream	NO_FIT	Existing pending binding/DAG exports read-only structural/control/effect/regex/repeated-body signals. It does not identify/name/extract typed Stream chains. Preserve binding and orchestration owner.	NEBULA_PR49.json exact head/file scope/body retained; hosted upstream execution remains unverified in PR report.	Add only local naming/exact-source transformation leaves; no second DAG or Patternizer.	No promotion from names/signals
nebula-sourcefile-typed-interface-compilation-20261004	https://github.com/hsoliwal/nebula	f4ebfe7edcc1f953d4dd76312f3a7bc6fbce645b	NebulaM3DeclarativeConvergenceControlRecipe.java:158; NebulaM3ExactJavaSnapshotRecipe.java; existing SourceFile interface	EPL-2.0 owner; Apache-2.0 OpenRewrite8.90.4 API	WRAP	Borrow existing exact snapshot owner typed SourceFile intermediate before withSourcePath; repair javac generic return inference only.	Root baseline m3/reactor.xml overlay passes; owning recipe module compile fails pre-existing parsed.withId(...).withSourcePath call; exact before-source hash in NEBULA_INVENTORY.json.	Single typed-intermediate compilation gap; preserve source custody and snapshot semantics.	No SDK downgrade, gate weakening, altered widget source, runtime API or new architecture
nebula-rewrite-test-junit-runtime-alignment-20261004	https://github.com/openrewrite/rewrite	rewrite-test8.90.4; junit-jupiter5.14.4 / matching Platform1.14.4	m3/recipe-first/pom.xml junit.version; pinned rewrite-test8.90.4 POM junit-bom/API/params closure	Apache-2.0 OpenRewrite; EPL-2.0 JUnit	WRAP	Align existing JUnit property to the version requested by the existing pinned rewrite-test donor; retain owning SDK8.90.4 and strict test gates.	Root baseline after minimal SourceFile compile repair runszero tests and fails NoSuchMethodError NamespacedHierarchicalStore.CloseAction.closeAutoCloseables with old5.10.1 engine and5.14.4 transitive API; exact logs hashed in RUNTIME_ALIGNMENT_BASELINE.json.	One existing dependency property alignment; no test-engine fork, fake pass, disabled test or new module.	Fresh owning module execution required after alignment; original baseline failure remains recorded
nebula-java17-widget-proof-sdk-20261004	https://repo.maven.apache.org/maven2/org/eclipse/platform/	SWT-win32-3.126.0;JFace-3.33.0;installed-Microsoft-javac17.0.19	SWT/JFace official compiler and foreign callback types; JavaSE17 widget manifest	EPL-2.0 (SDK);GPL2+Classpath (OpenJDK toolchain)	WRAP	Separate historically compatible Java17 strict proof SDK; no widget fake stubs or global compiler suppression	Require custody hashes/license/pom/major61 checks before compile; actual-source differential runtime on JDK21; current SDK21 warning failure retained	No new architecture; add explicit test-only SDK/compiler pins	Test lane only; does not prove all current SDK/UI/platform behavior
