field	value
schema	NEBULA_M3_FINAL_TRANSFER_PROOF_REQUEST_V2
baselineRepository	hsoliwal/nebula
baselineBranch	master
baselineCommit	008ad6508e113078f6d81196d14270cea5ccbbc6
proofBranch	m3/final-mastered-convergence-proof-20261007
javaRelease	21
nebulaInventoryRecipe	com.synexia.rewrite.M3NebulaAtomizePatternizeRecipe
nebulaInventoryRecipeCommit	8c675781444dc9921bc632854a9891d11b5737c8
secondPassRecipe	com.synexia.rewrite.M3AtomPatternSignalChainRecipe
secondPassRecipeCommit	1123430085af1ad886a35efb8cd5354709d5bb4f
pureIntConvergenceRecipe	com.synexia.rewrite.M3PureIntConvergenceRecipe
pureIntConvergenceCommit	268eae3dff5217e2638691e63bca0d2e4e991bde
secondPassReviewDagPlan	com.synexia.m3.recipe.M3SecondPassReviewDagPlan
secondPassReviewDagCommit	e2999c9ac351318b7324639b00eb71f503a7d1cd
scopeOrder	FILE,VISIBILITY,PACKAGE,MODULE,MULTI_MODULE,LIBRARY_API
requiredCoverage	LINE>=0.99
requiredFixedPoint	SECOND_APPLICATION_BYTE_IDENTICAL
requiredProductOracle	ORIGINAL_NEBULA_TYCHO_CLEAN_VERIFY
orchestrators	MAVEN_OPENREWRITE,CAMEL,AIRFLOW,DROOLS
orchestratorMutationAuthority	false
orchestratorPromotionAuthority	false
transferTarget1	hsoliwal/M3jdk21
transferTarget1Role	JAVA21_JEP_TOOLING_BACKPORT_RECEIVER
transferTarget1TargetOwnedGates	JEP_COMPATIBILITY_LEDGER,DEPENDENCY_CLOSURE,JDK_BUILD,JTREG,RUNTIME,ABI_CLASSFILE_API
transferTarget2	hsoliwal/com.synexia
transferTarget2Role	CANONICAL_REUSABLE_RECIPE_OWNER
transferTarget2TargetOwnedGates	RECIPE_JUNIT,MASTERY_MATRIX,FIXED_POINT,LICENSE_PROVENANCE
sourceMutationAuthority	false
promotionAuthority	false
