e418e9546b23625b6caa3ed36ea5a8d64bf32f3ee037e66a313b5e8bf55b818e	CHECKOUT_URL_PROOF.json
c7aecd5fbea54dcaac5791680895718d82dbb2cd7deb66d33f2fccce5b8701b6	context.tsv
99460a164e47737d4244d213086a3fe3f8002511da981dd881b9c93849355240	DEPENDENCY_MANIFEST.json
aeafda93ec88c7d038c8203f3472aadc3b83a646ffd48f43d2d01fee5e5cb6c3	evidence/checkout-url-proofs/encoded-maven-property.json
33166fcc10d8432c7f15d2bdd03f10498948e0401b429fb0dfceb87cd6f6aade	evidence/checkout-url-proofs/exact-tycho-uri.json
3c1815f3c3ca9c7baa9125b675c8fa476b6e999c087101bd4524fe0f88e6ee53	evidence/checkout-url-proofs/original-directory-property.json
7e68ca1eb385347e1992c14c516583dc14d905a68a371e17e0cb7a9166259057	evidence/checkout-url-proofs/portable-property-proofs/INITIAL_UNICODE_LAUNCHER_REFUSAL.json
a35ee8c76fdfd5bec54e1126d27a164c74b61a8e6707e7b7a3057071055e1d28	evidence/checkout-url-proofs/portable-property-proofs/plain-root-child-cwd.log
5845f57b280313d55fbeadc245c94fb60596b26ad72565d3128baf159a75e072	evidence/checkout-url-proofs/portable-property-proofs/plain-root-root-cwd.log
309a2c4d7b9d751ab7f7a5916012cab97163c3a8eda4c62c662abf6bd1183117	evidence/checkout-url-proofs/portable-property-proofs/plain-root-unrelated-cwd-child-f.log
0063126d41a5988971fd956181f57359aef66d5078127f108a1408775703bfc8	evidence/checkout-url-proofs/portable-property-proofs/plain-root-unrelated-cwd-root-f.log
9423ad96b360ef55fd2ac93d5f00d0943accf973d717e22642b8863e01966595	evidence/checkout-url-proofs/portable-property-proofs/root_#percent%-child-cwd.log
b9952c7a0c7f82e0c345f967565b5cb1a8f131aae710e1a44e49c97c178a4887	evidence/checkout-url-proofs/portable-property-proofs/root_#percent%-root-cwd.log
e28675f2e084c25562805d721498cd8d7bc1fa763ee3dc6dd0cd5e06d66cdcb1	evidence/checkout-url-proofs/portable-property-proofs/root_#percent%-unrelated-cwd-child-f.log
222ad610d3c28913d21cafe9b7792df163b3c93740697a8da28ce147d71cc441	evidence/checkout-url-proofs/portable-property-proofs/root_#percent%-unrelated-cwd-root-f.log
794faeced15633987f3984d67e6c4b04f3ad4bffff3f5490a1457eb78e5be3f8	evidence/checkout-url-proofs/portable-property-proofs/root_#percent%_unicode測試-root-cwd.log
349c9929e58407d1b278b0a3fc48ed685c20bd580fe1bb69bdcbcfda8ea3965f	evidence/checkout-url-proofs/portable-property-proofs/root_with_spaces-child-cwd.log
a6a80644ef0d5cecd2b975ffb8e270ebbd05d6628e4682d77c6cf7d967b00d3f	evidence/checkout-url-proofs/portable-property-proofs/root_with_spaces-root-cwd.log
d4d22e9c5ce8db6a6b4a088b5933180ef4f64064ef1a9a222a167a594443f592	evidence/checkout-url-proofs/portable-property-proofs/root_with_spaces-unrelated-cwd-child-f.log
3b98ec5f2e22999e44aea91b928ae3a4b96f13bc8c2b97da1481521d00bf0788	evidence/checkout-url-proofs/portable-property-proofs/root_with_spaces-unrelated-cwd-root-f.log
0822d5b60b3a4ae5391739f3922f0a9f97234594eb7d99c7d750e10c86491eec	evidence/checkout-url-proofs/property-proofs/plain-root-child-cwd.log
6bdaa7d05219c1e10c7c9c0704ef09cdb9f14ff2d5a142dd2b47da7a3b22de56	evidence/checkout-url-proofs/property-proofs/plain-root-root-cwd.log
dbc466209ae202dbe12fa5ccd674c06ab1f9bddf23bab96bbf9cd4442c69f60c	evidence/checkout-url-proofs/property-proofs/plain-root-unrelated-cwd-child-f.log
f37f47aafe00e69cf614133b364bb68f47e93491868ae494534d44515c6f8b7a	evidence/checkout-url-proofs/property-proofs/plain-root-unrelated-cwd-root-f.log
bbc39abb8e2d54e3284b7fd105dabaa30c94423f7174c19d5e09be33bc22b454	evidence/checkout-url-proofs/property-proofs/root_with_spaces-child-cwd.log
b805ee73f83e4007c2a55518203b61592382c30085a0d86ef3e3d5d0b71b2055	evidence/checkout-url-proofs/property-proofs/root_with_spaces-root-cwd.log
5fff7e0c36f965a715651c5a3dd5d1a9f98761f92d3645c7c397c6e199ae7c14	evidence/checkout-url-proofs/property-proofs/root_with_spaces-unrelated-cwd-child-f.log
a48bcd4a81daaa5a4e8feb46e4f2cdf21f14c2a90ca91ca510570fbadf220bf9	evidence/checkout-url-proofs/property-proofs/root_with_spaces-unrelated-cwd-root-f.log
b1cc626fd6483bd1f6c083ac9603e3072da3e31a57c9f81045e5e0dae9257b91	evidence/checkout-url-proofs/uri-proofs/INITIAL_ARGUMENT_NORMALIZATION_FALSE_DISCRIMINATOR.log
cf264e9ba811b6f126eb62058b502966525382f45f6eeec5d5b335663d1e4830	evidence/checkout-url-proofs/uri-proofs/INITIAL_MISSING_RUNTIME_DEPENDENCY.log
e3b0c44298fc1c149afbf4c8996fb92427ae41e4649b934ca495991b7852b855	evidence/checkout-url-proofs/uri-proofs/javac.log
f9865ae563a7be237b04928192c751c562d6bb95366680c87bd3f80ad15593e4	evidence/checkout-url-proofs/uri-proofs/plain-root.log
48c7e81a2dffdc80af3208fa458996fcbc2674cb2358711932b05a1751aadcb9	evidence/checkout-url-proofs/uri-proofs/root_#percent%_unicode測試.log
82be121536a8036b47d979786283d8456f20b4040aeed0ae1101ae024775a943	evidence/checkout-url-proofs/uri-proofs/root_with_spaces.log
f9865ae563a7be237b04928192c751c562d6bb95366680c87bd3f80ad15593e4	evidence/checkout-url-proofs/uri-proofs/trial-0.log
82be121536a8036b47d979786283d8456f20b4040aeed0ae1101ae024775a943	evidence/checkout-url-proofs/uri-proofs/trial-1.log
558c2476e3472bd273ad64c80b50762e8b0cae063fd87afb2ea49e6c30b4f007	evidence/checkout-url-proofs/uri-proofs/trial-2.log
e724368fe12fc126f024682a3bb6ac4941acee48e3e2937eb8e2bc3526836f8d	evidence/checkout-url-proofs/uri-proofs/trial-3.log
32c4610cc896a424f4222e42b05460ffc1ea30493a14a691a2122225c52f6cc9	evidence/complete-source-admission/generated-output-and-four-metadata-accepted-before-absent-known-input.log
f71e66fa121ac76223ce6bf88528bceda5cc9b09591028fdbb8269aa5e2e9d03	evidence/complete-source-admission/git-head-overrides-dropped.log
1710d418a7b4c51ac1eb4c58119657bd08852cac84e57a174af124e0caf3316b	evidence/complete-source-admission/git-source-overrides-dropped.log
456e462a36b1f66ab9e3590e3ff322d2287d9928ee499b9112a11cca378d59eb	evidence/complete-source-admission/ignored-new-java-input-refusal.log
1710d418a7b4c51ac1eb4c58119657bd08852cac84e57a174af124e0caf3316b	evidence/complete-source-admission/isolated-context-ignores-envopt.log
fae0c55b08c2f807d46c13362afd036d79755e5b1df682f5280f6d38c2813021	evidence/complete-source-admission/java-option-injection-dropped.log
456e462a36b1f66ab9e3590e3ff322d2287d9928ee499b9112a11cca378d59eb	evidence/complete-source-admission/new-java-input-refusal.log
09e8b4a50daae88e59a9455179e2f0c2497bc941941eca10c1f61b00d8bf7cce	evidence/complete-source-admission/new-java-target-package-refusal.log
d723aae3304c187a6350ba66bc5b8126acfe9f51e4c8f816431033d332033a00	evidence/complete-source-admission/new-pom-input-refusal.log
1710d418a7b4c51ac1eb4c58119657bd08852cac84e57a174af124e0caf3316b	evidence/complete-source-admission/owner-complete5398.log
adde61915837fe6518371728df7eb5abce465c06d5dfa6a800682a4fbc9ad0e4	evidence/complete-source-admission/preimage-launch-refusal.log
ae5d0cac29d7939a35f4b67f69845b1dd5a2417dba53faa4d8129aba4af07160	evidence/complete-source-admission/run_portable_default-envopt1.log
ae5d0cac29d7939a35f4b67f69845b1dd5a2417dba53faa4d8129aba4af07160	evidence/complete-source-admission/run_portable_default-envopt2.log
ae5d0cac29d7939a35f4b67f69845b1dd5a2417dba53faa4d8129aba4af07160	evidence/complete-source-admission/run_portable_default-O.log
ae5d0cac29d7939a35f4b67f69845b1dd5a2417dba53faa4d8129aba4af07160	evidence/complete-source-admission/run_portable_default-OO.log
34e310a2e47250e20059a5e0953d037a48f7a131f67d384888ea9ac875d45db8	evidence/complete-source-admission/SOURCE_ADMISSION_PROOF.json
4c1657039151c3d376375d55ca5f088135bc584c34b4a2f62952a056c222a365	evidence/complete-source-admission/source_context-envopt1.log
4c1657039151c3d376375d55ca5f088135bc584c34b4a2f62952a056c222a365	evidence/complete-source-admission/source_context-envopt2.log
4c1657039151c3d376375d55ca5f088135bc584c34b4a2f62952a056c222a365	evidence/complete-source-admission/source_context-O.log
4c1657039151c3d376375d55ca5f088135bc584c34b4a2f62952a056c222a365	evidence/complete-source-admission/source_context-OO.log
32c4610cc896a424f4222e42b05460ffc1ea30493a14a691a2122225c52f6cc9	evidence/complete-source-admission-v2/generated-output-and-four-metadata-accepted-before-absent-known-input.log
f71e66fa121ac76223ce6bf88528bceda5cc9b09591028fdbb8269aa5e2e9d03	evidence/complete-source-admission-v2/git-head-overrides-dropped.log
1710d418a7b4c51ac1eb4c58119657bd08852cac84e57a174af124e0caf3316b	evidence/complete-source-admission-v2/git-source-overrides-dropped.log
456e462a36b1f66ab9e3590e3ff322d2287d9928ee499b9112a11cca378d59eb	evidence/complete-source-admission-v2/ignored-new-java-input-refusal.log
1710d418a7b4c51ac1eb4c58119657bd08852cac84e57a174af124e0caf3316b	evidence/complete-source-admission-v2/isolated-context-ignores-envopt.log
fae0c55b08c2f807d46c13362afd036d79755e5b1df682f5280f6d38c2813021	evidence/complete-source-admission-v2/java-option-injection-dropped.log
456e462a36b1f66ab9e3590e3ff322d2287d9928ee499b9112a11cca378d59eb	evidence/complete-source-admission-v2/new-java-input-refusal.log
09e8b4a50daae88e59a9455179e2f0c2497bc941941eca10c1f61b00d8bf7cce	evidence/complete-source-admission-v2/new-java-target-package-refusal.log
d723aae3304c187a6350ba66bc5b8126acfe9f51e4c8f816431033d332033a00	evidence/complete-source-admission-v2/new-pom-input-refusal.log
1710d418a7b4c51ac1eb4c58119657bd08852cac84e57a174af124e0caf3316b	evidence/complete-source-admission-v2/owner-complete5398.log
adde61915837fe6518371728df7eb5abce465c06d5dfa6a800682a4fbc9ad0e4	evidence/complete-source-admission-v2/preimage-launch-refusal.log
ae5d0cac29d7939a35f4b67f69845b1dd5a2417dba53faa4d8129aba4af07160	evidence/complete-source-admission-v2/run_portable_default-envopt1.log
ae5d0cac29d7939a35f4b67f69845b1dd5a2417dba53faa4d8129aba4af07160	evidence/complete-source-admission-v2/run_portable_default-envopt2.log
ae5d0cac29d7939a35f4b67f69845b1dd5a2417dba53faa4d8129aba4af07160	evidence/complete-source-admission-v2/run_portable_default-O.log
ae5d0cac29d7939a35f4b67f69845b1dd5a2417dba53faa4d8129aba4af07160	evidence/complete-source-admission-v2/run_portable_default-OO.log
34e310a2e47250e20059a5e0953d037a48f7a131f67d384888ea9ac875d45db8	evidence/complete-source-admission-v2/SOURCE_ADMISSION_PROOF.json
4c1657039151c3d376375d55ca5f088135bc584c34b4a2f62952a056c222a365	evidence/complete-source-admission-v2/source_context-envopt1.log
4c1657039151c3d376375d55ca5f088135bc584c34b4a2f62952a056c222a365	evidence/complete-source-admission-v2/source_context-envopt2.log
4c1657039151c3d376375d55ca5f088135bc584c34b4a2f62952a056c222a365	evidence/complete-source-admission-v2/source_context-O.log
4c1657039151c3d376375d55ca5f088135bc584c34b4a2f62952a056c222a365	evidence/complete-source-admission-v2/source_context-OO.log
9e473326b0de4a0b1b394f92a319c517024fd5b704a0b9d51526deb5caf70625	evidence/independent-property-assessment/ASSESSMENT.md
0fc6b4fd3c2b5c029dffbeb41fa460577caa0c8753c2042d798edab3bcea5107	evidence/independent-property-assessment/FOSS_REUSE_DECISION.tsv
9c6bc015176956fb9f98a48131131762072fe43e9486f56778339823650c17d8	evidence/independent-property-assessment/INVENTORY.json
9d8e5f4703962153f201ae20f3344a4d6252cb9e9844c5bb6683a39bdae3cf02	evidence/independent-property-assessment/RECEIPT.json
fcbeca67f60aeb2b1aefa1b76ae7efb7420b3624e5ab8181e412af2327307f8a	evidence/launch-refusals/owner-preimage.log
a3d86cf1fd14adefa0172acb481bc4dfe880f15d2ca8dbef533f5458e1fcc126	evidence/launch-refusals/REFUSALS.json
629992c13a7b37fe5aa532c45172f558279d629fc77a7c004fcd89e82f626523	evidence/launch-refusals/unicode-frontier.log
2a3e2b89b47e281aa45be5dcb3db55c4ac55746cd576bd4ce537561594d10911	evidence/native-guard-proof/hs_err_pid19808.log
3e85e3cd512ecd2e7312f52e8223043e45433e6c93145a98931dde9f8371226e	evidence/native-guard-proof/hs_err_pid4228.log
8142db8a1f8a209054b942ada0c543ec93e65ee8125ca4f310ce1ae58afea113	evidence/native-guard-proof/NATIVE_GUARD_PROOF.json
6a32adaab278e36e95581ef583c05fe2cc5e245741737eb9e8d23905a18295bc	evidence/native-guard-proof/production-added-java-input-refusal.log
82ece6342a8a5eb02a67504cd69e7e51d0b5662043b1bd9da0368e79866f3642	evidence/native-guard-proof/production-complete-owner-check.log
612c359994c520a5ab3b1101ae6fabd5ed584a0706726fe6dcf667c1044ff920	evidence/native-guard-proof/production-incomplete-mutation-root-refusal.log
53b86b3031011b530233e7cb84f348628c425d061f579b7ab67787310666fb4b	evidence/native-guard-proof/production-injected-m3-context-false.log
2a558f73d610f6168990de24dc9ee088c9e2df684eb28c12e16b655a0888dbd9	evidence/native-guard-proof/production-injected-m3-context-true.log
4c2325a51793de781bfea0c693fb6007fb24d93d21c661114d6fc7f0fa6c4cd8	evidence/native-guard-proof/production-injected-m3-head-false.log
ebe186b8a744374a87a91f606acf0441199b9e972ffb709b19e3ccbeb0ad82c2	evidence/native-guard-proof/production-injected-m3-head-true.log
b28bb37487970e465c0bc11dad73a400a8958d6a5537faba7649aaefc9a1308a	evidence/native-guard-proof/production-injected-m3-post-false.log
15a57dabacee5fbaa3cee7eee78d76c00eea91d09420bd26ec6e6b7a96ac858f	evidence/native-guard-proof/production-injected-m3-post-true.log
128ca337c99719453979f452c9e7c29f834ba1c32cd02f3e85cbcb67b1914664	evidence/native-guard-proof/production-injected-m3-pre-false.log
830503c330f91b62b5144803eef5c03c30522be82335356f2614d2a62d68e3e7	evidence/native-guard-proof/production-injected-m3-pre-true.log
f6c3b58e3366f155c54a7278b179c3d19a4e8cda48e22544d604f0f9a4cf1753	evidence/native-guard-proof/production-injected-m3-write-false.log
1a1826e890ea6a144bb6d1977837d2d1e5ed88643c9089eeb0cbf555ee3102e9	evidence/native-guard-proof/production-injected-m3-write-true.log
b9d31f9b558f32d4e5471ad0cd43fc815b85361c48ccd5f895dc0c25440b7e21	evidence/native-guard-proof/SCOPE.json
d09d53b3fa0e2176aa2253d9e1f4c2c1eab2357d137f6aec1b7e2a32ac4cc629	evidence/native-guard-proof/writer-absent-source-refusal.log
179e44009ca9359e74de379dfdf2b93fd8f136a0df90bb03ce28d15a4c3ee133	evidence/native-guard-proof/writer-check-preimage.log
cff63e746176e503411e2834240910f91ecc0efe4d8254c5045a3515c2a38d24	evidence/native-guard-proof/writer-exact-apply.log
b774c8522c12418701798f9dc5d6723dfd9c6d414c24cc9417effea9c192de7a	evidence/native-guard-proof/writer-fixedpoint-preimage-refusal.log
3e6a229d581510a483828c69d24f15ed9039f34a3d3bdcda3306aebc908928b9	evidence/native-guard-proof/writer-metadata-drift-refusal.log
2c38d2c63aa435f567438f851d4d73a2ff2493945bb9f5a93040dd9ff8bff77b	evidence/native-guard-proof/writer-mixed-state-refusal.log
f3059a47384360ec8afeb03f97b36442fd3c0f47154bde90b3a778f95882e81d	evidence/native-guard-proof/writer-nested-pom-image-custody-refusal.log
090b814652e1fd14bb0b2286efe059a5733b975758011e3dd245ef7a68361d1b	evidence/native-guard-proof/writer-operation-refusal.log
36015f9993c02e5fa5fbbf17655d15a6a80ab42489e56217299f9f169e2a6596	evidence/native-guard-proof/writer-postimage-fixedpoint.log
84b0da36e06a3f290ceedda21fcdffccfebe2acf669a399022b597dff7e1b341	evidence/native-guard-proof/writer-postimage-verify.log
1e625766a78374e366168e0e9cc7428bc5c600bf004486b9a2ec4213be3a84d2	evidence/native-guard-proof/writer-reparse-root-refusal.log
e9133d27670b55c29c52c7a5fc9479d693e65fd57550456b3280086851055817	evidence/native-guard-proof/writer-second-apply-noop.log
6474ec1de39a33e22ea7c19045e23ab64d44e7110920c7131c5af016ff38db98	evidence/native-guard-proof/writer-source-drift-refusal.log
d2f6d6d670b2048561c2a0d676cb2bc5245d70f13529f5bd86874d966c9cd690	evidence/native-guard-proof/writer-source-helper-custody-refusal.log
6ffa28b6d86b7eb895fe64b3dce959d8babb588fc500551e79d66f980911ea75	evidence/native-guard-proof/writer-verify-preimage-refusal.log
b126230255345b16341b0792c4728b58e1d42d6169921b4395c84ba0ef3148f2	evidence/native-guard-proof/writer-wrong-head-refusal.log
49d4aee40c8901a62e340b40bbcb69ccbd6bb9258ae09bfef4591988d90858ee	evidence/native-guard-proof/WRITER_REHEARSAL_DELTA.json
380b4b56e05c21a4b19365c6e0e24e1743eb0228aea3d04bd339da5dd2970d55	evidence/native-guard-proof/WRITER_REHEARSAL_POM.xml
e434fa32dbbaa2933fac72871505f8d186209493b21c38169272acee8c729056	evidence/prior-candidate-native-guard-proof/NATIVE_GUARD_PROOF.json
274f264b41b11f23a09c33e6da02eea6a9b7c93969d768a90aaf77efe6a00d04	evidence/prior-candidate-native-guard-proof/production-added-java-input-refusal.log
3d033ad17b3d1215319289b92a2a9e8b086ff3b461529a9e4f82646e6d93546f	evidence/prior-candidate-native-guard-proof/production-complete-owner-check.log
07bbb03dce4074581db7f3d6610247b689b678c3bcaa80ebcc81524ce4e86c13	evidence/prior-candidate-native-guard-proof/production-incomplete-mutation-root-refusal.log
c51720bcfdb58e652f5d6cd1e7316ae8adf56d15379676dfc2d8607a86dc00d6	evidence/prior-candidate-native-guard-proof/production-injected-m3-context-false.log
ea236aea3b28228d1b515c5bbcff716ca3247453cbdc076e1ede768e43f06e8a	evidence/prior-candidate-native-guard-proof/production-injected-m3-context-true.log
020e60aa16a2e8fe0423d10f5b31898b14da6f51ced51bef1ee3c92f45e561b9	evidence/prior-candidate-native-guard-proof/production-injected-m3-head-false.log
12be341840feb6e5f387a98222e8e4839aa9f0404a55de033cb05d3bf3e9a240	evidence/prior-candidate-native-guard-proof/production-injected-m3-head-true.log
6edd82c8525046133ca58b79b412c5932467f1ce1b7abbc0edd300e8151aa587	evidence/prior-candidate-native-guard-proof/production-injected-m3-post-false.log
8389e25475a43257990dbf62e7f8325f0676815fa7b90da10992bf8dc5bcfd42	evidence/prior-candidate-native-guard-proof/production-injected-m3-post-true.log
5d9a9d310f7d3b7d2b153f137c44428d27e37e026d077958a174146491ff29f6	evidence/prior-candidate-native-guard-proof/production-injected-m3-pre-false.log
443426a63c2b3944eb41f0b3c18d8fd319e656846524b55d71af7975eea13ab1	evidence/prior-candidate-native-guard-proof/production-injected-m3-pre-true.log
c2a4050ef80d4686a161ab45fec6954dc558498abd505c4d987aae7629fc9933	evidence/prior-candidate-native-guard-proof/production-injected-m3-write-false.log
c43144c65679b5e96a2666f8587f1637a9322911753cf94de12b309179b93cfa	evidence/prior-candidate-native-guard-proof/production-injected-m3-write-true.log
ef2982be56fadef96aa12f3e52d3a2faea4c13fcf49fa651b5279504cbbcf165	evidence/prior-candidate-native-guard-proof/SCOPE.json
e3686458730873d665bc2d26d50b10f43b586f140ac168c29a4d38551bc7e65c	evidence/prior-candidate-native-guard-proof/writer-absent-source-refusal.log
a9fd7f53597cedf19b1137d525e95189f9ee3f83d625d9c4dccf8ed658ee18c6	evidence/prior-candidate-native-guard-proof/writer-check-preimage.log
f73baf55b8d646788b8f473c97d9e1293a404d236f132cbb0a351812c0229510	evidence/prior-candidate-native-guard-proof/writer-exact-apply.log
999e22c2a9697bdf229bd01f8c4e49cc238c17248ea8b3d40e64f22ace8de2b8	evidence/prior-candidate-native-guard-proof/writer-fixedpoint-preimage-refusal.log
f605ac51ecc06880d58db758762cc5b550d9ec8d08d5a14e806ec166b810aa3d	evidence/prior-candidate-native-guard-proof/writer-metadata-drift-refusal.log
233c444de6d8b5b8625fc6729a95b5d0bb1699936c3ac5d3e6e4869aa89788b1	evidence/prior-candidate-native-guard-proof/writer-mixed-state-refusal.log
3e6bb302239554e75039af08e5f4c1a28cd6d42cc7d1f20e08e973e06401748a	evidence/prior-candidate-native-guard-proof/writer-nested-pom-image-custody-refusal.log
b5d42be30669dcddf068e7f1b051bc99e31cb8d68ca2397bb5ea41745e254b8b	evidence/prior-candidate-native-guard-proof/writer-operation-refusal.log
cea1d40b05f8edf9b6415fd066b21d954697f73c483b93c174481fbe95429935	evidence/prior-candidate-native-guard-proof/writer-postimage-fixedpoint.log
775700cec5522bb699301f7c66c99f86bfbf28bc424bdcb72a55006c2940870e	evidence/prior-candidate-native-guard-proof/writer-postimage-verify.log
544de2c8ab5d093b5c74f21628d034cd89353df83301a0072cfcb43df9685017	evidence/prior-candidate-native-guard-proof/writer-reparse-root-refusal.log
485736c0ff3511c9cd46c8b118c3e091343f5831d745428f2ba62d7385df0bc7	evidence/prior-candidate-native-guard-proof/writer-second-apply-noop.log
81f96165d1ef8a0b9e206b356b36b9dff53508d62781dccf99fc0e38fe4abedc	evidence/prior-candidate-native-guard-proof/writer-source-drift-refusal.log
e5b7303bfeb64b6c702e0c10b73633882bd973bb808982ac161a251df7f37ee4	evidence/prior-candidate-native-guard-proof/writer-source-helper-custody-refusal.log
556bd5160ea1fb8b5ea6154a1af0cf7a77e86674bbd25055e2222898fa320ce2	evidence/prior-candidate-native-guard-proof/writer-verify-preimage-refusal.log
55e2f3a5903b394496fc7fb52d8599f3e0da36214cda062cd49e8471f6112ec8	evidence/prior-candidate-native-guard-proof/writer-wrong-head-refusal.log
5ace0d0ab969be392c774599c11f10068736d1fba4b1c375bd7d4cf6b7d86e56	evidence/prior-candidate-native-guard-proof/WRITER_REHEARSAL_DELTA.json
ae5b2e3506015e9d4d2a99aeafa720340f188d654b0a84b6505d62100202804f	evidence/prior-candidate-native-guard-proof/WRITER_REHEARSAL_POM.xml
0339d67df2ff3de1ddda53c0a97da9288fdfd3e102d50ef11e738ffeea44d5b7	evidence/retained-initial-refusals/recipe-evidence-corrected/FAILED_WRITER_REHEARSAL_POM.xml
7548ab2a865fbf7607220d2d452c7018b9f3296575742b5cc75c3e83fc71250f	evidence/retained-initial-refusals/recipe-evidence-corrected-v2/FAILED_WRITER_REHEARSAL_POM.xml
774941655dbea7182598f41d5a7d4fc3bf96e8c126ae2f388d02b8948978ed0f	evidence/retained-initial-refusals/recipe-evidence-corrected-v2/production-complete-owner-check.log
0af83b8a62b6eea4b79213b1499b21eca6d0f858d14e528e704f057242a5516c	evidence/retained-initial-refusals/recipe-evidence-corrected-v2/production-incomplete-mutation-root-refusal.log
b5af06a6c787559155d1fb07b52b4e549f8d2a2275f369e76941367d01744005	evidence/retained-initial-refusals/recipe-evidence-corrected-v2/production-injected-m3-context-false.log
ac762126decead001b2d15668bb27707cf0fee5cd90839ba7f38b2d2041b6ac9	evidence/retained-initial-refusals/recipe-evidence-corrected-v2/production-injected-m3-context-true.log
3f0a3ef1406645588cd75037230f28521e6b3976653d0ed4a305060af1056dd0	evidence/retained-initial-refusals/recipe-evidence-corrected-v2/production-injected-m3-head-false.log
e78a691f7d11e3bf09b4f6947f56d074309804a463bcc3422ca71b779a1b6801	evidence/retained-initial-refusals/recipe-evidence-corrected-v2/production-injected-m3-head-true.log
f6787e2a2f88449b68b9d64495d4e477ab8e3decb1468511546bf4290d034030	evidence/retained-initial-refusals/recipe-evidence-corrected-v2/production-injected-m3-post-false.log
79d8dbea0e4da9333fa83779d160d47514576cc59ff876da82d4040989338525	evidence/retained-initial-refusals/recipe-evidence-corrected-v2/production-injected-m3-post-true.log
c5ede8fe71bcda7fed22418f411b987ff2b8b86a9dfd1182c0b7a6df45223f4e	evidence/retained-initial-refusals/recipe-evidence-corrected-v2/production-injected-m3-pre-false.log
54211ab378a2d2bbfd55c14bd7632c19243007a850166356ddd778328f93f146	evidence/retained-initial-refusals/recipe-evidence-corrected-v2/production-injected-m3-pre-true.log
b22b77280ce358b072c4c1bbc44d00a639e89c6c8a1e6f5df854079b711cae2d	evidence/retained-initial-refusals/recipe-evidence-corrected-v2/production-injected-m3-write-false.log
169e19008ddb8834b8950ece1087fc43b5b6de93f6ed452373453a81da90635f	evidence/retained-initial-refusals/recipe-evidence-corrected-v2/production-injected-m3-write-true.log
c89a41b7ec338a0a736cb1d06f87c6823d2f936e7dac9e27bb41bc3dcedaba28	evidence/retained-initial-refusals/recipe-evidence-corrected-v2/writer-check-preimage.log
b6b1ae6a5bdb1739dce80579ee1bb7598e1eb57e99841a69ad0a7dee54208063	evidence/retained-initial-refusals/recipe-evidence-corrected-v3/FAILED_WRITER_REHEARSAL_POM.xml
776f177366db85d9c66c4872bb0b68db94a8c577381897c50c7d6ce16e317031	evidence/retained-initial-refusals/recipe-evidence-corrected-v3/production-complete-owner-check.log
b265a4a36ef73260d489e48930e9f632967e57d5f7cd1d5c8b699e3b1b68642c	evidence/retained-initial-refusals/recipe-evidence-corrected-v3/production-incomplete-mutation-root-refusal.log
8a12aaa72d48ae037d5455fbfbc195bcce7ff8cbecb6d868930cecff8b729430	evidence/retained-initial-refusals/recipe-evidence-corrected-v3/production-injected-m3-context-false.log
895fdab2ddeae93942d755b2389973a19a8bb729d5c9033a3b20055970810726	evidence/retained-initial-refusals/recipe-evidence-corrected-v3/production-injected-m3-context-true.log
e3be07dba8e4978c73aed9858e60f7b8a2e24086ec9661813251013f78957944	evidence/retained-initial-refusals/recipe-evidence-corrected-v3/production-injected-m3-head-false.log
ef87d16da6fdf08c728d960f0813636152362e1763fa375352cbd685132eff18	evidence/retained-initial-refusals/recipe-evidence-corrected-v3/production-injected-m3-head-true.log
a00c6e956a9f11b58b5c9981d3a4b7fb570d79d31ddfbe5462edf33cc9d4c027	evidence/retained-initial-refusals/recipe-evidence-corrected-v3/production-injected-m3-post-false.log
02ca17f6c6c62b80142c266c77dcdcf3dd276867abd02b42a68f0f6ca0200a46	evidence/retained-initial-refusals/recipe-evidence-corrected-v3/production-injected-m3-post-true.log
815db5d5081c8224cdbabbf6fba82c8ab39b43edc3eef524e627528d66b07ef2	evidence/retained-initial-refusals/recipe-evidence-corrected-v3/production-injected-m3-pre-false.log
f43b2e8f8bb3fe86fe0e2d6935c3f3d915f14e886d4869fdbf819da96cc76a82	evidence/retained-initial-refusals/recipe-evidence-corrected-v3/production-injected-m3-pre-true.log
604773aed80a97c46a7d5715c3b5bf685f3f7a7d2797c6afe71c0df7bc98fb7b	evidence/retained-initial-refusals/recipe-evidence-corrected-v3/production-injected-m3-write-false.log
458728cded35819da2fbcd526f70eadc1f24e220883eff587ff2dabefab0c9b1	evidence/retained-initial-refusals/recipe-evidence-corrected-v3/production-injected-m3-write-true.log
0f70b0da829d646214f4e0f48f934b8de0426eb0b9513ccc78e9b00cdd942dc6	evidence/retained-initial-refusals/recipe-evidence-corrected-v3/writer-check-preimage.log
116eed41eb08e6fbcddd2284458667f7c77acf5c91168eb446a0ec1e80944150	evidence/retained-initial-refusals/recipe-evidence-initial-custody-refusal/absent-target-refusal.log
64ba58665ec4479b5f24d5ba5e7ffe9a544e27d0834fac3f6de4afa0c1dfcb68	evidence/retained-initial-refusals/recipe-evidence-initial-custody-refusal/candidate-drift-refusal.log
fcebc812957e637a07602cffa466de825e72f9549d126e7992ab554534bb6d26	evidence/retained-initial-refusals/recipe-evidence-initial-custody-refusal/check-preimage.log
0c3d89dbcb7e0f6503168151b533a0c4009542435c7eceb8d6bbad234e958278	evidence/retained-initial-refusals/recipe-evidence-initial-custody-refusal/context-drift-refusal.log
f41a382d3c4f5cd110139ef14b8024a63c6ed507e36e954670a91de062b5ff1b	evidence/retained-initial-refusals/recipe-evidence-initial-custody-refusal/FAILED_RECIPE_POM.xml
65a3650f6a927576710ed4098c3357f664538ccddd9bd8a2070f8fb711e402b8	evidence/retained-initial-refusals/recipe-evidence-initial-custody-refusal/fixedpoint-preimage-refusal.log
aa6dc946284d7cb4b47869974a60f3c0867cff31f1a23cb61dbbebbdbc5537b7	evidence/retained-initial-refusals/recipe-evidence-initial-custody-refusal/injected-m3-head-false.log
de55122dd0422c0a28d260332a15123a9e2032962255c43f8327e0b4b12569bd	evidence/retained-initial-refusals/recipe-evidence-initial-custody-refusal/injected-m3-head-true.log
13c67a9e553357f72459b4c416932a9105d75e1c166b11607447692fcf79d89b	evidence/retained-initial-refusals/recipe-evidence-initial-custody-refusal/injected-m3-post-false.log
a394e180e49c74aa105cd3465d9461354b65940e0982f36535bda2fb22fdcf90	evidence/retained-initial-refusals/recipe-evidence-initial-custody-refusal/injected-m3-post-true.log
bb157147b749eded66ddd039c47b820fb313e3200edfcb55fcd2a75ed18db9f4	evidence/retained-initial-refusals/recipe-evidence-initial-custody-refusal/injected-m3-pre-false.log
aaf777a241c1e09130995cd5dba3f837978a8e70b483fb22baf1a72c13bedd03	evidence/retained-initial-refusals/recipe-evidence-initial-custody-refusal/injected-m3-pre-true.log
95218f6f6e913dec30373eaae040f264415f7388ebc5ad44ba955a9c0a2e49c0	evidence/retained-initial-refusals/recipe-evidence-initial-custody-refusal/injected-m3-write-false.log
52ed67678cc3ab6456327a3de550299c29eb224bbb09683920851489b9d16123	evidence/retained-initial-refusals/recipe-evidence-initial-custody-refusal/injected-m3-write-true.log
caf799956d867773d2683c71913d2a5323f40c8c8d93714902af0588a7c6bb97	evidence/retained-initial-refusals/recipe-evidence-initial-custody-refusal/mixed-state-refusal.log
0359576dafa64755e5b8d8720db302387b5234bc3f60ba41b61497c738d22af2	evidence/retained-initial-refusals/recipe-evidence-initial-custody-refusal/reparse-root-refusal.log
c546ca459e8d978d42d0d50d8732bc4045828bc1b7d48894994c19177385e49a	evidence/retained-initial-refusals/recipe-evidence-initial-custody-refusal/source-drift-refusal.log
fa210bd08856641112db118654b4798334f2f937bbce824863095bebd068411f	evidence/retained-initial-refusals/recipe-evidence-initial-custody-refusal/unknown-operation-refusal.log
ea632cea7ee49b1b434d1c88028299fd94d1b28da5d6f9e5977b4df94d802280	evidence/retained-initial-refusals/recipe-evidence-initial-custody-refusal/verify-preimage-refusal.log
d4a116bdf19436f40fb7e9466e69d69dcd1498ca9cecdf880ca62f3d3df209ec	evidence/retained-initial-refusals/recipe-evidence-initial-custody-refusal/wrong-revision-refusal.log
d8fec42a54a430d993e6d428ce60a47f48ffe1421f0f3e8ad86501ffa602d11e	evidence/retained-v2-resource-refusal/initial-POM-only-pomless-output-refusal.log
6546a002d442950a38517c999fadd2428a388294e1ddb3cd763fd1260c298b83	evidence/retained-v2-resource-refusal/maven-native-memory-refusal.log
456e3e21c1538393c3d439f6d8b089aba908adb0165b030df26829d0fdbb3533	evidence/retained-v2-resource-refusal/SCOPE.json
61d5de476173ce5c3bd5508c51384f1d32031c87e4afb84eb09a424b899524b6	executed-helpers/adapt_portable_property_probe.py
0348f98c04bfca4a3d6d583634e671dfd4da2dccdd7b90a26371095cd2cb20db	executed-helpers/build_portable_native_recipe.py
51d5945981a5b40973a113c3ac2aa37933c9e849be8d12365065fad7a53d5fdf	executed-helpers/build_portable_native_recipe_v2.py
71cb0ccb9ef983b07693474a206b0bc97c597f6c0704755247a2875ec0f0b30f	executed-helpers/finalize_source_packet.py
4922456a7c8a9c963b48a5106d52fa69b061fe8aaa22c2b5e549733108dabf2e	executed-helpers/finalize_source_packet_v2.py
b0fd5bf90e17b8657989537fedc67bb49fbde990fbd045f020e60506f15e45e1	executed-helpers/inventory_owner.py
95dc1ca3ab8952e2be3daf4cbc517e5d0bcdb37e692d473d6c186cfddd88a9a3	executed-helpers/label_prior_native_scope.py
f120319eb893894d54c92b451c42e6a35f70e5e420861ab0cd8096ed7d7e615b	executed-helpers/prepare_portable_candidate.py
ad631e01d7aa381de8086c53783278850e0a4623d719c09f64aa51c9e94a225b	executed-helpers/prepare_successor_v2.py
a9b49c82b3763d51bcdb29ad3fc6fddff40428f5bf8030190c500de342a1c761	executed-helpers/prepare_v2_descriptor_custody.py
54039c537de56415b92cb2614910767585bf1663996e2389d36f13795b31278e	executed-helpers/probe_maven_properties.py
90066d3edf64605d222094833cb895cec7c8a8fcab69d316f83d70cd46b94916	executed-helpers/probe_portable_properties.py
2d592ca2763c63b60b1ed53c107eed3149b27748ac8dd92281d47e70e684f790	executed-helpers/probe_tycho_uri.py
9d93e5606dc123bb5ebf056e34a0a83d551b4734a73c4f7e93d68b9319158299	executed-helpers/qualify_native_bounded.py
17458e10702eec5f08280881214942a42cd7cf898fcb3b84903bbee514727bf3	executed-helpers/qualify_native_bounded_v2.py
c3245d479fdef1265dd0efb7082c60ac3a2a5c333eec55d66d763a15977d31b7	executed-helpers/qualify_source_admission.py
cba762672f4e9736ba7f767fb24a0eb2c31985668025c3915121455468ef027f	executed-helpers/qualify_source_admission_v2.py
ff05b79fcfc12dfd64315ed645029264a7bc085c11f8eec5fa68f417b0f41e31	executed-helpers/TargetUriProbe.java
4078cd595142ce97d83a836a63f6dfb0581d8be3f6251bdac4edb1d7a1b7a44f	FAILED_ITERATIONS.json
e917c6f1af1b2c2c2063463db28685e31d8e3b37d116c3ade2b0b52a6a2bbe60	FINAL_OWNER_CUSTODY.json
c512168a6b8700b7a6e4c7ee627286b99e7e96fa2d720024c1598a1c93e1a62c	fixture_context.py
27dd2574d3bc6d5012cd4211492e3fe6e5d550e90336afabe7904dd8efd624b3	FOSS_REUSE_DECISION.tsv
0af5df2b1de1ac46c5c6cbe5756d498a5a29497fea482f1abbe314b0854b69a8	GENERATED_OUTPUT_OWNERS.json
a2a44796aee43b109fe27184a3eb97b6480731dbb3a6ca26d85c21b8aaa1946b	INHERITED_DEFAULT_BUILD_COMMAND.json
7bff53271bceb6e84bb6b4f8ae1c93ba361fd6b7d458b5b3b1e429f741e2d642	INHERITED_DEFAULT_BUILD_RESULT.json
eed03a90ac1cde188c90d349e7f49aaf93d1b8027e915c0b80435104d69bc9cf	INVENTORY.json
57416dfe25602565688e07792d7c590d647a1f0d4b88d5ad948782c264287191	INVENTORY_ADMISSION.json
de94256a6f14eac54c23a10793e0b75e8f9de900545f0d1a3b7d6cc8dccf4798	INVENTORY_COUNTS_NOTE.md
d5f16b59c09014f6756eb8ac828531cae0622bff9cf7249f328021742fcdf816	manifest.json
865683bf3ec3093707c41ea1ae8d09762cd9c2b0641f034d025b0cc0b71f0e65	pom.xml
3b04fca214eefb4ca815f3dae60d6cc89af45db9dabb315797ac42fe688bfcd9	postimages/m3/qualified-mixed-original435-target/mixed.target
b37788d645f4184f2d2f7eee491bfa62b46d6ce3d8624a61e6a0ef7b586e43e6	postimages/releng/org.eclipse.nebula.nebula-parent/pom.xml
646e2ca561f5249c63b81f935d7246922abe18dc62f5947f48e6fd144ded8a02	preimages/m3/qualified-mixed-original435-target/mixed.target
147d547f7d16fc8c0b07f3dde34cffdda97dacd7c07ee5baee47b9b9ada4c54a	preimages/releng/org.eclipse.nebula.nebula-parent/pom.xml
023e33fa06f042ff6f2ebda78c1899c9936998b54c930dc8a3ccff4a3384e2aa	qualified-metadata/artifacts.xml
73dafb27463a8432fa073d1971f5617b3e3e9e5e5e96f9583596338662fb0264	qualified-metadata/content.xml
965bd9e0865acd0853852e5f84792ae967a1b687b3ad6de0cb5aca424c0d73cf	qualified-metadata/p2.index
b9e034ebc4b02b8a47ea2fda6662520ce9e6fec0b143128b57a5db8bab0786f2	README.md
41a4c0ad9ba6c6fcbe91b0278d745e7af1371e6223b5b305713c1f63c08eeeda	ROOT_HANDOFF.md
6b5ff0339b8792ff82d920d376a5851a1ed67eac79a366f6c8c406a755e24f48	run_portable_default.py
b6e7ec5177f8bbfcb31002471d34570a40773d6d24538c01e6746532332115df	source_context.py
807915c9d7df4abdff9d3c001664896f22b0909c4d65f908647e8054d3082389	SOURCE_MANIFEST.json
4bd8a9293be0b4a8c932136bc7f7ba69f37087c8f45bc9172ff3fc5b63039028	SUPERSEDES.json
47bd10a6c6db5c4d0d664a45c95b60638f74ec05aa08e186c0d584a2bfbb6082	targets.tsv
afae9b8e4189e5e78bd1720d8672b561e042bce7181dcbfc06201f66260e442c	THIRD_PARTY_NOTICES.md
ce5801c5fee85d45009eded68d940e6196650f0ab2f21e6b253abf4872eb2b1b	TOOL_ORACLE_DEPENDENCIES.json
1bac0dc9b0cae4748f473da8fe6c7b3d843653c92a38e1493276559e9baa203d	windows-reparse-preflight.ps1
