category	passOrder	source	reference	githubDonor	revision	license	disposition	nextAction
BINARY_SEARCH	1	LEETCODE	https://leetcode.com/tag/binary-search/				REFERENCE_ONLY	VERIFY_ORDERING_AND_DUPLICATE_SEMANTICS_THEN_CREATE_OR_IMPROVE_RECIPE
BINARY_SEARCH	2	HACKERRANK	https://www.hackerrank.com/domains/algorithms/search				REFERENCE_ONLY	VERIFY_ORDERING_AND_DUPLICATE_SEMANTICS_THEN_CREATE_OR_IMPROVE_RECIPE
BINARY_SEARCH	3	GEEKSFORGEEKS	https://www.geeksforgeeks.org/dsa/searching-algorithms/				REFERENCE_ONLY	VERIFY_ORDERING_AND_DUPLICATE_SEMANTICS_THEN_CREATE_OR_IMPROVE_RECIPE
BINARY_SEARCH	4	GITHUB_DONOR	https://github.com/vigna/fastutil/commit/cbf3c2ec706d16c56e6896b13ef0b5361be981c8	vigna/fastutil	cbf3c2ec706d16c56e6896b13ef0b5361be981c8	Apache-2.0	MECHANICS_EVIDENCE	VERIFY_ORDERING_AND_DUPLICATE_SEMANTICS_THEN_CREATE_OR_IMPROVE_RECIPE
ADAPTIVE_ORDER	1	LEETCODE	https://leetcode.com/tag/sorting/				REFERENCE_ONLY	VERIFY_STABILITY_COMPARATOR_AND_MUTATION_THEN_CREATE_OR_IMPROVE_RECIPE
ADAPTIVE_ORDER	2	HACKERRANK	https://www.hackerrank.com/domains/algorithms/arrays-and-sorting				REFERENCE_ONLY	VERIFY_STABILITY_COMPARATOR_AND_MUTATION_THEN_CREATE_OR_IMPROVE_RECIPE
ADAPTIVE_ORDER	3	GEEKSFORGEEKS	https://www.geeksforgeeks.org/dsa/sorting-algorithms/				REFERENCE_ONLY	VERIFY_STABILITY_COMPARATOR_AND_MUTATION_THEN_CREATE_OR_IMPROVE_RECIPE
ADAPTIVE_ORDER	4	GITHUB_DONOR	https://github.com/openjdk/jdk/commit/f3701c80216900f3ded26f9de1befe43813be95c	openjdk/jdk	f3701c80216900f3ded26f9de1befe43813be95c	GPL-2.0 family	ARCHITECTURE_ONLY_NO_COPY	VERIFY_STABILITY_COMPARATOR_AND_MUTATION_THEN_CREATE_OR_IMPROVE_RECIPE
PREFIX_FUZZY_SEARCH	1	LEETCODE	https://leetcode.com/tag/trie/				REFERENCE_ONLY	VERIFY_TEXT_COORDINATES_MATCH_SEMANTICS_AND_BOUNDS_THEN_CREATE_OR_IMPROVE_RECIPE
PREFIX_FUZZY_SEARCH	2	HACKERRANK	https://www.hackerrank.com/domains/algorithms/strings				REFERENCE_ONLY	VERIFY_TEXT_COORDINATES_MATCH_SEMANTICS_AND_BOUNDS_THEN_CREATE_OR_IMPROVE_RECIPE
PREFIX_FUZZY_SEARCH	3	GEEKSFORGEEKS	https://www.geeksforgeeks.org/dsa/trie-insert-and-search/				REFERENCE_ONLY	VERIFY_TEXT_COORDINATES_MATCH_SEMANTICS_AND_BOUNDS_THEN_CREATE_OR_IMPROVE_RECIPE
PREFIX_FUZZY_SEARCH	4	GITHUB_DONOR	https://github.com/apache/lucene/commit/90c638746d7e510a361e041a55616c52fccf9afb	apache/lucene	90c638746d7e510a361e041a55616c52fccf9afb	Apache-2.0	MECHANICS_EVIDENCE	VERIFY_TEXT_COORDINATES_MATCH_SEMANTICS_AND_BOUNDS_THEN_CREATE_OR_IMPROVE_RECIPE
TOP_K	1	LEETCODE	https://leetcode.com/tag/heap-priority-queue/				REFERENCE_ONLY	VERIFY_TIE_ORDER_AND_BOUNDED_RESULT_CONTRACT_THEN_CREATE_OR_IMPROVE_RECIPE
TOP_K	2	HACKERRANK	https://www.hackerrank.com/domains/data-structures/heap				REFERENCE_ONLY	VERIFY_TIE_ORDER_AND_BOUNDED_RESULT_CONTRACT_THEN_CREATE_OR_IMPROVE_RECIPE
TOP_K	3	GEEKSFORGEEKS	https://www.geeksforgeeks.org/dsa/heap-data-structure/				REFERENCE_ONLY	VERIFY_TIE_ORDER_AND_BOUNDED_RESULT_CONTRACT_THEN_CREATE_OR_IMPROVE_RECIPE
TOP_K	4	GITHUB_DONOR	https://github.com/apache/lucene/commit/90c638746d7e510a361e041a55616c52fccf9afb	apache/lucene	90c638746d7e510a361e041a55616c52fccf9afb	Apache-2.0	MECHANICS_EVIDENCE	VERIFY_TIE_ORDER_AND_BOUNDED_RESULT_CONTRACT_THEN_CREATE_OR_IMPROVE_RECIPE
PRIMITIVE_LOOKUP	1	LEETCODE	https://leetcode.com/tag/hash-table/				REFERENCE_ONLY	VERIFY_EQUALS_IDENTITY_NULL_AND_BOXING_CONTRACT_THEN_CREATE_OR_IMPROVE_RECIPE
PRIMITIVE_LOOKUP	2	HACKERRANK	https://www.hackerrank.com/domains/algorithms/search				REFERENCE_ONLY	VERIFY_EQUALS_IDENTITY_NULL_AND_BOXING_CONTRACT_THEN_CREATE_OR_IMPROVE_RECIPE
PRIMITIVE_LOOKUP	3	GEEKSFORGEEKS	https://www.geeksforgeeks.org/dsa/hashing-data-structure/				REFERENCE_ONLY	VERIFY_EQUALS_IDENTITY_NULL_AND_BOXING_CONTRACT_THEN_CREATE_OR_IMPROVE_RECIPE
PRIMITIVE_LOOKUP	4	GITHUB_DONOR	https://github.com/vigna/fastutil/commit/cbf3c2ec706d16c56e6896b13ef0b5361be981c8	vigna/fastutil	cbf3c2ec706d16c56e6896b13ef0b5361be981c8	Apache-2.0	MECHANICS_EVIDENCE	VERIFY_EQUALS_IDENTITY_NULL_AND_BOXING_CONTRACT_THEN_CREATE_OR_IMPROVE_RECIPE
BOUNDED_CACHE	1	LEETCODE	https://leetcode.com/problems/lru-cache/				REFERENCE_ONLY	VERIFY_DERIVED_STATE_BOUNDS_EVICTION_AND_INVALIDATION_THEN_CREATE_OR_IMPROVE_RECIPE
BOUNDED_CACHE	2	HACKERRANK	https://www.hackerrank.com/domains/data-structures				REFERENCE_ONLY	VERIFY_DERIVED_STATE_BOUNDS_EVICTION_AND_INVALIDATION_THEN_CREATE_OR_IMPROVE_RECIPE
BOUNDED_CACHE	3	GEEKSFORGEEKS	https://www.geeksforgeeks.org/dsa/lru-cache-implementation/				REFERENCE_ONLY	VERIFY_DERIVED_STATE_BOUNDS_EVICTION_AND_INVALIDATION_THEN_CREATE_OR_IMPROVE_RECIPE
BOUNDED_CACHE	4	GITHUB_DONOR	https://github.com/ben-manes/caffeine/commit/e972fb0ee497fa1d0aa9c4a931b037782d951707	ben-manes/caffeine	e972fb0ee497fa1d0aa9c4a931b037782d951707	Apache-2.0	MECHANICS_EVIDENCE	VERIFY_DERIVED_STATE_BOUNDS_EVICTION_AND_INVALIDATION_THEN_CREATE_OR_IMPROVE_RECIPE
AUTOMATON_TRIE	1	LEETCODE	https://leetcode.com/tag/trie/				REFERENCE_ONLY	VERIFY_PREFIX_LITERAL_AND_FUZZY_SEMANTICS_THEN_CREATE_OR_IMPROVE_RECIPE
AUTOMATON_TRIE	2	HACKERRANK	https://www.hackerrank.com/domains/algorithms/strings				REFERENCE_ONLY	VERIFY_PREFIX_LITERAL_AND_FUZZY_SEMANTICS_THEN_CREATE_OR_IMPROVE_RECIPE
AUTOMATON_TRIE	3	GEEKSFORGEEKS	https://www.geeksforgeeks.org/dsa/trie-insert-and-search/				REFERENCE_ONLY	VERIFY_PREFIX_LITERAL_AND_FUZZY_SEMANTICS_THEN_CREATE_OR_IMPROVE_RECIPE
AUTOMATON_TRIE	4	GITHUB_DONOR	https://github.com/apache/lucene/commit/90c638746d7e510a361e041a55616c52fccf9afb	apache/lucene	90c638746d7e510a361e041a55616c52fccf9afb	Apache-2.0	MECHANICS_EVIDENCE	VERIFY_PREFIX_LITERAL_AND_FUZZY_SEMANTICS_THEN_CREATE_OR_IMPROVE_RECIPE
