schema	NEBULA_GRID_GC_CURRENT_SPACE_CLIP_RESTORE_V4_BINDING_V1
synexiaRepository	hsoliwal/com.synexia
synexiaPullRequest	9953
synexiaMergeCommit	b9a957d2cba422f809b3b15a97c3522f3c49bd5d
recipe	com.synexia.rewrite.M3NebulaGridGcStateDagRecipe
crate	nebula-grid-gc-state-dag-v4
target	widgets/grid/org.eclipse.nebula.widgets.grid/src/org/eclipse/nebula/widgets/grid/GridGCProxy.java
preimageSha256	422f0c0dbb04894f349072807e07712c75cb164d2c67c0fa37f1bcdcfa5967ba
postimageSha256	604802f3de598f8d255654ac2e1cb3be84d1ebb6a9949ec35b15a9c114e133a8
scope	FILE
swtContract	GC.getClipping(Region)=current-user-space
swtReceiver	25e637e40c5243f5210586007a74206d8dce7953
priorFailingNativeRun	37807007188
priorFailingNebulaArtifact	11571652792
swtNativeContractArtifact	11501527287
swtNativeContractTest	Test_org_eclipse_swt_graphics_GC#test_getClippingRegion_respectsTransformAndPreservesHoles=PASS
behaviorOracle	widgets/grid/org.eclipse.nebula.widgets.grid.test/src/org/eclipse/nebula/widgets/grid/GridGCProxy_Test.java#restoresCompleteMutableGcStateAfterPlanePaint
sourceMutationAuthority	false
promotionAuthority	false
hostedNebulaRerun	NOT_CREATED_BY_GITHUB_ACTIONS
qualification	COMPOSITIONAL_NATIVE_CONTRACT_PROOF
status	QUALIFIED_FOR_ADDITIVE_PROMOTION
